,id,name,symbol,slug,num_market_pairs,date_added,tags,max_supply,circulating_supply,total_supply,infinite_supply,platform,cmc_rank,self_reported_circulating_supply,self_reported_market_cap,tvl_ratio,last_updated,quote.USD.price,quote.USD.volume_24h,quote.USD.volume_change_24h,quote.USD.percent_change_1h,quote.USD.percent_change_24h,quote.USD.percent_change_7d,quote.USD.percent_change_30d,quote.USD.percent_change_60d,quote.USD.percent_change_90d,quote.USD.market_cap,quote.USD.market_cap_dominance,quote.USD.fully_diluted_market_cap,quote.USD.tvl,quote.USD.last_updated,platform.id,platform.name,platform.symbol,platform.slug,platform.token_address,time_stamp
0,1,Bitcoin,BTC,bitcoin,11597,2010-07-13T00:00:00.000Z,"['mineable', 'pow', 'sha-256', 'store-of-value', 'state-channel', 'coinbase-ventures-portfolio', 'three-arrows-capital-portfolio', 'polychain-capital-portfolio', 'binance-labs-portfolio', 'blockchain-capital-portfolio', 'boostvc-portfolio', 'cms-holdings-portfolio', 'dcg-portfolio', 'dragonfly-capital-portfolio', 'electric-capital-portfolio', 'fabric-ventures-portfolio', 'framework-ventures-portfolio', 'galaxy-digital-portfolio', 'huobi-capital-portfolio', 'alameda-research-portfolio', 'a16z-portfolio', '1confirmation-portfolio', 'winklevoss-capital-portfolio', 'usv-portfolio', 'placeholder-ventures-portfolio', 'pantera-capital-portfolio', 'multicoin-capital-portfolio', 'paradigm-portfolio', 'bitcoin-ecosystem', 'ftx-bankruptcy-estate']",21000000.0,19720284.0,19720284.0,False,,1,,,,2024-07-14T08:38:00.000Z,60279.866350850316,21761105381.901737,0.4513,0.47415634,3.7214263,4.91168077,-10.15602185,-2.96174544,-9.13531094,1188736083920.8118,53.6599,1265877193367.86,,2024-07-14T08:38:00.000Z,,,,,,2024-07-14 11:39:21.780017
1,1027,Ethereum,ETH,ethereum,9132,2015-08-07T00:00:00.000Z,"['pos', 'smart-contracts', 'ethereum-ecosystem', 'coinbase-ventures-portfolio', 'three-arrows-capital-portfolio', 'polychain-capital-portfolio', 'binance-labs-portfolio', 'blockchain-capital-portfolio', 'boostvc-portfolio', 'cms-holdings-portfolio', 'dcg-portfolio', 'dragonfly-capital-portfolio', 'electric-capital-portfolio', 'fabric-ventures-portfolio', 'framework-ventures-portfolio', 'hashkey-capital-portfolio', 'kenetic-capital-portfolio', 'huobi-capital-portfolio', 'alameda-research-portfolio', 'a16z-portfolio', '1confirmation-portfolio', 'winklevoss-capital-portfolio', 'usv-portfolio', 'placeholder-ventures-portfolio', 'pantera-capital-portfolio', 'multicoin-capital-portfolio', 'paradigm-portfolio', 'injective-ecosystem', 'layer-1', 'ftx-bankruptcy-estate']",,120215726.06015156,120215726.06015156,True,,2,,,,2024-07-14T08:37:00.000Z,3207.825694085597,9994671773.156197,-9.6001,0.38648249,2.16258507,6.62836178,-8.83997849,10.39090199,-1.65008206,385631094888.9097,17.3999,385631094888.91,,2024-07-14T08:37:00.000Z,,,,,,2024-07-14 11:39:21.780017
2,825,Tether USDt,USDT,tether,91518,2015-02-25T00:00:00.000Z,"['stablecoin', 'asset-backed-stablecoin', 'avalanche-ecosystem', 'solana-ecosystem', 'arbitrum-ecosytem', 'moonriver-ecosystem', 'injective-ecosystem', 'bnb-chain', 'usd-stablecoin', 'optimism-ecosystem', 'fiat-stablecoin']",,112466925458.78345,116072162582.33752,True,,3,,,,2024-07-14T08:37:00.000Z,1.0003756583747714,40330385929.13795,-1.311,-0.00131697,0.00575565,0.0302051,0.0982492,0.0557918,-0.07614186,112509174601.21683,5.074,116115766062.29,,2024-07-14T08:37:00.000Z,1027.0,Ethereum,ETH,ethereum,0xdac17f958d2ee523a2206206994597c13d831ec7,2024-07-14 11:39:21.780017
3,1839,BNB,BNB,bnb,2192,2017-07-25T00:00:00.000Z,"['marketplace', 'centralized-exchange', 'payments', 'smart-contracts', 'alameda-research-portfolio', 'multicoin-capital-portfolio', 'bnb-chain', 'layer-1', 'sec-security-token', 'alleged-sec-securities', 'celsius-bankruptcy-estate']",,147582292.4714936,147582292.4714936,False,,4,,,,2024-07-14T08:37:00.000Z,539.1653345913061,1527569947.53118,1.2907,0.1662872,0.46129166,5.92809986,-11.22851896,-4.83907948,-6.78789003,79571256100.14484,3.5903,79571256100.14,,2024-07-14T08:37:00.000Z,,,,,,2024-07-14 11:39:21.780017
4,5426,Solana,SOL,solana,701,2020-04-10T00:00:00.000Z,"['pos', 'platform', 'solana-ecosystem', 'cms-holdings-portfolio', 'kenetic-capital-portfolio', 'alameda-research-portfolio', 'multicoin-capital-portfolio', 'okx-ventures-portfolio', 'layer-1', 'ftx-bankruptcy-estate', 'sec-security-token', 'alleged-sec-securities', 'cmc-crypto-awards-2024']",,464063355.46958154,580143186.3079014,True,,5,,,,2024-07-14T08:37:00.000Z,145.23094488291218,1626524276.969018,4.0892,0.15582155,4.31056644,4.26333732,-2.01996607,0.90546939,-6.04993156,67396359600.38208,3.041,84254743114.88,,2024-07-14T08:37:00.000Z,,,,,,2024-07-14 11:39:21.780017
5,3408,USDC,USDC,usd-coin,20946,2018-10-08T00:00:00.000Z,"['medium-of-exchange', 'stablecoin', 'asset-backed-stablecoin', 'coinbase-ventures-portfolio', 'hedera-hashgraph-ecosystem', 'fantom-ecosystem', 'arbitrum-ecosytem', 'moonriver-ecosystem', 'bnb-chain', 'usd-stablecoin', 'optimism-ecosystem', 'fiat-stablecoin']",,33949129333.978508,33949129333.978508,False,,6,,,,2024-07-14T08:37:00.000Z,0.9999739969188326,3958670607.6524973,-11.6651,-0.00824423,-0.00750405,-0.00243738,0.00123078,-0.00954399,-0.03009995,33948246552.012875,1.5318,33948246552.01,,2024-07-14T08:37:00.000Z,1027.0,Ethereum,ETH,ethereum,0xa0b86991c6218b36c1d19d4a2e9eb0ce3606eb48,2024-07-14 11:39:21.780017
6,52,XRP,XRP,xrp,1352,2013-08-04T00:00:00.000Z,"['medium-of-exchange', 'enterprise-solutions', 'arrington-xrp-capital-portfolio', 'galaxy-digital-portfolio', 'a16z-portfolio', 'pantera-capital-portfolio', 'ftx-bankruptcy-estate']",100000000000.0,55805339473.0,99987452475.0,False,,7,,,,2024-07-14T08:38:00.000Z,0.5291124540090346,2627019607.0585837,32.4642,0.49491368,3.05105962,21.03814157,10.42410739,5.90045115,2.19561449,29527300115.366276,1.3332,52911245400.9,,2024-07-14T08:38:00.000Z,,,,,,2024-07-14 11:39:21.780017
7,11419,Toncoin,TON,toncoin,458,2021-08-26T13:40:22.000Z,"['pos', 'layer-1', 'ftx-bankruptcy-estate', 'dwf-labs-portfolio', 'toncoin-ecosystem']",,2506915125.0328255,5108965054.362898,True,,8,3414166606.0,25105856122.747444,,2024-07-14T08:37:00.000Z,7.35343614416087,176837041.95982295,-0.7082,0.12661298,0.54722027,-2.06990114,-6.622271,5.33903072,4.33512581,18434440290.759945,0.8318,37568448290.01,,2024-07-14T08:37:00.000Z,,,,,,2024-07-14 11:39:21.780017
8,74,Dogecoin,DOGE,dogecoin,1021,2013-12-15T00:00:00.000Z,"['mineable', 'pow', 'scrypt', 'medium-of-exchange', 'memes', 'payments', 'doggone-doggerel', 'bnb-chain', 'ftx-bankruptcy-estate']",,145109636383.70523,145109636383.70523,True,,9,,,,2024-07-14T08:38:00.000Z,0.11391862972660763,599903584.948614,42.0368,0.09234718,4.22243634,3.52313476,-20.32717651,-23.62367177,-31.20711634,16530690936.957987,0.7459,16530690936.96,,2024-07-14T08:38:00.000Z,,,,,,2024-07-14 11:39:21.780017
9,2010,Cardano,ADA,cardano,1212,2017-10-01T00:00:00.000Z,"['dpos', 'pos', 'platform', 'research', 'smart-contracts', 'staking', 'cardano-ecosystem', 'cardano', 'layer-1', 'sec-security-token', 'alleged-sec-securities']",45000000000.0,35881022584.206,37048613783.371,False,,10,,,,2024-07-14T08:37:00.000Z,0.43109431335183035,389453413.1601877,15.7133,0.03744329,1.64560515,18.01383624,1.98104455,-0.13792752,-12.79524433,15468104793.299803,0.6979,19399244100.83,,2024-07-14T08:37:00.000Z,,,,,,2024-07-14 11:39:21.780017
10,1958,TRON,TRX,tron,999,2017-09-13T00:00:00.000Z,"['media', 'payments', 'tron-ecosystem', 'layer-1', 'dwf-labs-portfolio', 'sec-security-token', 'alleged-sec-securities']",,87127065199.57858,87127079675.02417,True,,11,71659659264.0,9910444046.37942,,2024-07-14T08:37:00.000Z,0.13829878830247488,341143185.67400485,-5.0645,0.20408621,-1.03143904,6.29635954,19.21955887,10.20012774,19.97012186,12049567545.452446,0.5437,12049569547.39,,2024-07-14T08:37:00.000Z,,,,,,2024-07-14 11:39:21.780017
11,5994,Shiba Inu,SHIB,shiba-inu,844,2020-08-01T00:00:00.000Z,"['memes', 'ethereum-ecosystem', 'doggone-doggerel']",,589270745427560.2,589519214031625.9,False,,12,,,,2024-07-14T08:37:00.000Z,1.7535218346022687e-05,264256539.27705294,23.4842,0.28432303,3.72700384,7.09794654,-19.24283453,-26.844174,-26.02609078,10332991185.99582,0.4662,10337348137.22,,2024-07-14T08:37:00.000Z,1027.0,Ethereum,ETH,ethereum,0x95ad61b0a150d79219dcf64e1e6cc01f0b64c4ce,2024-07-14 11:39:21.780017
12,5805,Avalanche,AVAX,avalanche,751,2020-07-13T00:00:00.000Z,"['defi', 'smart-contracts', 'three-arrows-capital-portfolio', 'polychain-capital-portfolio', 'avalanche-ecosystem', 'cms-holdings-portfolio', 'dragonfly-capital-portfolio', 'moonriver-ecosystem', 'injective-ecosystem', 'real-world-assets', 'layer-1']",715748719.0,394486959.0951942,443833329.0951942,False,,13,,,,2024-07-14T08:37:00.000Z,26.12110007319546,286122060.54721063,21.2798,0.34485106,0.43369784,-1.08704706,-18.14716888,-19.64087737,-31.22408706,10304433336.096132,0.4649,18696143916.26,,2024-07-14T08:37:00.000Z,,,,,,2024-07-14 11:39:21.780017
13,6636,Polkadot,DOT,polkadot-new,792,2020-08-19T00:00:00.000Z,"['substrate', 'polkadot', 'binance-chain', 'polkadot-ecosystem', 'three-arrows-capital-portfolio', 'polychain-capital-portfolio', 'arrington-xrp-capital-portfolio', 'blockchain-capital-portfolio', 'boostvc-portfolio', 'cms-holdings-portfolio', 'coinfund-portfolio', 'fabric-ventures-portfolio', 'fenbushi-capital-portfolio', 'hashkey-capital-portfolio', 'kenetic-capital-portfolio', '1confirmation-portfolio', 'placeholder-ventures-portfolio', 'pantera-capital-portfolio', 'exnetwork-capital-portfolio', 'web3', 'spartan-group', 'injective-ecosystem', 'bnb-chain', 'layer-1']",,1437953431.368154,1437953431.368154,True,,14,1468484661.922414,9162407619.951904,,2024-07-14T08:37:00.000Z,6.239362151700834,122761616.59173344,-12.1097,0.2012113,-0.06410792,0.74178401,-2.88140634,-4.94959894,-12.95131976,8971912215.586803,0.4048,8971912215.59,,2024-07-14T08:37:00.000Z,,,,,,2024-07-14 11:39:21.780017
14,1975,Chainlink,LINK,chainlink,1814,2017-09-20T00:00:00.000Z,"['platform', 'defi', 'oracles', 'smart-contracts', 'substrate', 'polkadot', 'avalanche-ecosystem', 'solana-ecosystem', 'framework-ventures-portfolio', 'polygon-ecosystem', 'fantom-ecosystem', 'cardano-ecosystem', 'web3', 'near-protocol-ecosystem', 'arbitrum-ecosytem', 'cardano', 'injective-ecosystem', 'optimism-ecosystem', 'real-world-assets', 'celsius-bankruptcy-estate']",,608099970.4527867,1000000000.0,False,,15,,,,2024-07-14T08:37:00.000Z,13.127417231084285,253638871.8943202,-8.37,0.32120032,1.00524865,2.56927943,-14.45220215,0.73523625,-9.78277178,7982782030.343757,0.3602,13127417231.08,,2024-07-14T08:37:00.000Z,1027.0,Ethereum,ETH,ethereum,0x514910771af9ca656af840dff83e8264ecf986ca,2024-07-14 11:39:21.780017
0,1,Bitcoin,BTC,bitcoin,11597,2010-07-13T00:00:00.000Z,"['mineable', 'pow', 'sha-256', 'store-of-value', 'state-channel', 'coinbase-ventures-portfolio', 'three-arrows-capital-portfolio', 'polychain-capital-portfolio', 'binance-labs-portfolio', 'blockchain-capital-portfolio', 'boostvc-portfolio', 'cms-holdings-portfolio', 'dcg-portfolio', 'dragonfly-capital-portfolio', 'electric-capital-portfolio', 'fabric-ventures-portfolio', 'framework-ventures-portfolio', 'galaxy-digital-portfolio', 'huobi-capital-portfolio', 'alameda-research-portfolio', 'a16z-portfolio', '1confirmation-portfolio', 'winklevoss-capital-portfolio', 'usv-portfolio', 'placeholder-ventures-portfolio', 'pantera-capital-portfolio', 'multicoin-capital-portfolio', 'paradigm-portfolio', 'bitcoin-ecosystem', 'ftx-bankruptcy-estate']",21000000.0,19720284.0,19720284.0,False,,1,,,,2024-07-14T08:38:00.000Z,60279.866350850316,21761105381.901737,0.4513,0.47415634,3.7214263,4.91168077,-10.15602185,-2.96174544,-9.13531094,1188736083920.8118,53.6599,1265877193367.86,,2024-07-14T08:38:00.000Z,,,,,,2024-07-14 11:39:21.780017
1,1027,Ethereum,ETH,ethereum,9132,2015-08-07T00:00:00.000Z,"['pos', 'smart-contracts', 'ethereum-ecosystem', 'coinbase-ventures-portfolio', 'three-arrows-capital-portfolio', 'polychain-capital-portfolio', 'binance-labs-portfolio', 'blockchain-capital-portfolio', 'boostvc-portfolio', 'cms-holdings-portfolio', 'dcg-portfolio', 'dragonfly-capital-portfolio', 'electric-capital-portfolio', 'fabric-ventures-portfolio', 'framework-ventures-portfolio', 'hashkey-capital-portfolio', 'kenetic-capital-portfolio', 'huobi-capital-portfolio', 'alameda-research-portfolio', 'a16z-portfolio', '1confirmation-portfolio', 'winklevoss-capital-portfolio', 'usv-portfolio', 'placeholder-ventures-portfolio', 'pantera-capital-portfolio', 'multicoin-capital-portfolio', 'paradigm-portfolio', 'injective-ecosystem', 'layer-1', 'ftx-bankruptcy-estate']",,120215726.06015156,120215726.06015156,True,,2,,,,2024-07-14T08:37:00.000Z,3207.825694085597,9994671773.156197,-9.6001,0.38648249,2.16258507,6.62836178,-8.83997849,10.39090199,-1.65008206,385631094888.9097,17.3999,385631094888.91,,2024-07-14T08:37:00.000Z,,,,,,2024-07-14 11:39:21.780017
2,825,Tether USDt,USDT,tether,91518,2015-02-25T00:00:00.000Z,"['stablecoin', 'asset-backed-stablecoin', 'avalanche-ecosystem', 'solana-ecosystem', 'arbitrum-ecosytem', 'moonriver-ecosystem', 'injective-ecosystem', 'bnb-chain', 'usd-stablecoin', 'optimism-ecosystem', 'fiat-stablecoin']",,112466925458.78345,116072162582.33752,True,,3,,,,2024-07-14T08:37:00.000Z,1.0003756583747714,40330385929.13795,-1.311,-0.00131697,0.00575565,0.0302051,0.0982492,0.0557918,-0.07614186,112509174601.21683,5.074,116115766062.29,,2024-07-14T08:37:00.000Z,1027.0,Ethereum,ETH,ethereum,0xdac17f958d2ee523a2206206994597c13d831ec7,2024-07-14 11:39:21.780017
3,1839,BNB,BNB,bnb,2192,2017-07-25T00:00:00.000Z,"['marketplace', 'centralized-exchange', 'payments', 'smart-contracts', 'alameda-research-portfolio', 'multicoin-capital-portfolio', 'bnb-chain', 'layer-1', 'sec-security-token', 'alleged-sec-securities', 'celsius-bankruptcy-estate']",,147582292.4714936,147582292.4714936,False,,4,,,,2024-07-14T08:37:00.000Z,539.1653345913061,1527569947.53118,1.2907,0.1662872,0.46129166,5.92809986,-11.22851896,-4.83907948,-6.78789003,79571256100.14484,3.5903,79571256100.14,,2024-07-14T08:37:00.000Z,,,,,,2024-07-14 11:39:21.780017
4,5426,Solana,SOL,solana,701,2020-04-10T00:00:00.000Z,"['pos', 'platform', 'solana-ecosystem', 'cms-holdings-portfolio', 'kenetic-capital-portfolio', 'alameda-research-portfolio', 'multicoin-capital-portfolio', 'okx-ventures-portfolio', 'layer-1', 'ftx-bankruptcy-estate', 'sec-security-token', 'alleged-sec-securities', 'cmc-crypto-awards-2024']",,464063355.46958154,580143186.3079014,True,,5,,,,2024-07-14T08:37:00.000Z,145.23094488291218,1626524276.969018,4.0892,0.15582155,4.31056644,4.26333732,-2.01996607,0.90546939,-6.04993156,67396359600.38208,3.041,84254743114.88,,2024-07-14T08:37:00.000Z,,,,,,2024-07-14 11:39:21.780017
5,3408,USDC,USDC,usd-coin,20946,2018-10-08T00:00:00.000Z,"['medium-of-exchange', 'stablecoin', 'asset-backed-stablecoin', 'coinbase-ventures-portfolio', 'hedera-hashgraph-ecosystem', 'fantom-ecosystem', 'arbitrum-ecosytem', 'moonriver-ecosystem', 'bnb-chain', 'usd-stablecoin', 'optimism-ecosystem', 'fiat-stablecoin']",,33949129333.978508,33949129333.978508,False,,6,,,,2024-07-14T08:37:00.000Z,0.9999739969188326,3958670607.6524973,-11.6651,-0.00824423,-0.00750405,-0.00243738,0.00123078,-0.00954399,-0.03009995,33948246552.012875,1.5318,33948246552.01,,2024-07-14T08:37:00.000Z,1027.0,Ethereum,ETH,ethereum,0xa0b86991c6218b36c1d19d4a2e9eb0ce3606eb48,2024-07-14 11:39:21.780017
6,52,XRP,XRP,xrp,1352,2013-08-04T00:00:00.000Z,"['medium-of-exchange', 'enterprise-solutions', 'arrington-xrp-capital-portfolio', 'galaxy-digital-portfolio', 'a16z-portfolio', 'pantera-capital-portfolio', 'ftx-bankruptcy-estate']",100000000000.0,55805339473.0,99987452475.0,False,,7,,,,2024-07-14T08:38:00.000Z,0.5291124540090346,2627019607.0585837,32.4642,0.49491368,3.05105962,21.03814157,10.42410739,5.90045115,2.19561449,29527300115.366276,1.3332,52911245400.9,,2024-07-14T08:38:00.000Z,,,,,,2024-07-14 11:39:21.780017
7,11419,Toncoin,TON,toncoin,458,2021-08-26T13:40:22.000Z,"['pos', 'layer-1', 'ftx-bankruptcy-estate', 'dwf-labs-portfolio', 'toncoin-ecosystem']",,2506915125.0328255,5108965054.362898,True,,8,3414166606.0,25105856122.747444,,2024-07-14T08:37:00.000Z,7.35343614416087,176837041.95982295,-0.7082,0.12661298,0.54722027,-2.06990114,-6.622271,5.33903072,4.33512581,18434440290.759945,0.8318,37568448290.01,,2024-07-14T08:37:00.000Z,,,,,,2024-07-14 11:39:21.780017
8,74,Dogecoin,DOGE,dogecoin,1021,2013-12-15T00:00:00.000Z,"['mineable', 'pow', 'scrypt', 'medium-of-exchange', 'memes', 'payments', 'doggone-doggerel', 'bnb-chain', 'ftx-bankruptcy-estate']",,145109636383.70523,145109636383.70523,True,,9,,,,2024-07-14T08:38:00.000Z,0.11391862972660763,599903584.948614,42.0368,0.09234718,4.22243634,3.52313476,-20.32717651,-23.62367177,-31.20711634,16530690936.957987,0.7459,16530690936.96,,2024-07-14T08:38:00.000Z,,,,,,2024-07-14 11:39:21.780017
9,2010,Cardano,ADA,cardano,1212,2017-10-01T00:00:00.000Z,"['dpos', 'pos', 'platform', 'research', 'smart-contracts', 'staking', 'cardano-ecosystem', 'cardano', 'layer-1', 'sec-security-token', 'alleged-sec-securities']",45000000000.0,35881022584.206,37048613783.371,False,,10,,,,2024-07-14T08:37:00.000Z,0.43109431335183035,389453413.1601877,15.7133,0.03744329,1.64560515,18.01383624,1.98104455,-0.13792752,-12.79524433,15468104793.299803,0.6979,19399244100.83,,2024-07-14T08:37:00.000Z,,,,,,2024-07-14 11:39:21.780017
10,1958,TRON,TRX,tron,999,2017-09-13T00:00:00.000Z,"['media', 'payments', 'tron-ecosystem', 'layer-1', 'dwf-labs-portfolio', 'sec-security-token', 'alleged-sec-securities']",,87127065199.57858,87127079675.02417,True,,11,71659659264.0,9910444046.37942,,2024-07-14T08:37:00.000Z,0.13829878830247488,341143185.67400485,-5.0645,0.20408621,-1.03143904,6.29635954,19.21955887,10.20012774,19.97012186,12049567545.452446,0.5437,12049569547.39,,2024-07-14T08:37:00.000Z,,,,,,2024-07-14 11:39:21.780017
11,5994,Shiba Inu,SHIB,shiba-inu,844,2020-08-01T00:00:00.000Z,"['memes', 'ethereum-ecosystem', 'doggone-doggerel']",,589270745427560.2,589519214031625.9,False,,12,,,,2024-07-14T08:37:00.000Z,1.7535218346022687e-05,264256539.27705294,23.4842,0.28432303,3.72700384,7.09794654,-19.24283453,-26.844174,-26.02609078,10332991185.99582,0.4662,10337348137.22,,2024-07-14T08:37:00.000Z,1027.0,Ethereum,ETH,ethereum,0x95ad61b0a150d79219dcf64e1e6cc01f0b64c4ce,2024-07-14 11:39:21.780017
12,5805,Avalanche,AVAX,avalanche,751,2020-07-13T00:00:00.000Z,"['defi', 'smart-contracts', 'three-arrows-capital-portfolio', 'polychain-capital-portfolio', 'avalanche-ecosystem', 'cms-holdings-portfolio', 'dragonfly-capital-portfolio', 'moonriver-ecosystem', 'injective-ecosystem', 'real-world-assets', 'layer-1']",715748719.0,394486959.0951942,443833329.0951942,False,,13,,,,2024-07-14T08:37:00.000Z,26.12110007319546,286122060.54721063,21.2798,0.34485106,0.43369784,-1.08704706,-18.14716888,-19.64087737,-31.22408706,10304433336.096132,0.4649,18696143916.26,,2024-07-14T08:37:00.000Z,,,,,,2024-07-14 11:39:21.780017
13,6636,Polkadot,DOT,polkadot-new,792,2020-08-19T00:00:00.000Z,"['substrate', 'polkadot', 'binance-chain', 'polkadot-ecosystem', 'three-arrows-capital-portfolio', 'polychain-capital-portfolio', 'arrington-xrp-capital-portfolio', 'blockchain-capital-portfolio', 'boostvc-portfolio', 'cms-holdings-portfolio', 'coinfund-portfolio', 'fabric-ventures-portfolio', 'fenbushi-capital-portfolio', 'hashkey-capital-portfolio', 'kenetic-capital-portfolio', '1confirmation-portfolio', 'placeholder-ventures-portfolio', 'pantera-capital-portfolio', 'exnetwork-capital-portfolio', 'web3', 'spartan-group', 'injective-ecosystem', 'bnb-chain', 'layer-1']",,1437953431.368154,1437953431.368154,True,,14,1468484661.922414,9162407619.951904,,2024-07-14T08:37:00.000Z,6.239362151700834,122761616.59173344,-12.1097,0.2012113,-0.06410792,0.74178401,-2.88140634,-4.94959894,-12.95131976,8971912215.586803,0.4048,8971912215.59,,2024-07-14T08:37:00.000Z,,,,,,2024-07-14 11:39:21.780017
14,1975,Chainlink,LINK,chainlink,1814,2017-09-20T00:00:00.000Z,"['platform', 'defi', 'oracles', 'smart-contracts', 'substrate', 'polkadot', 'avalanche-ecosystem', 'solana-ecosystem', 'framework-ventures-portfolio', 'polygon-ecosystem', 'fantom-ecosystem', 'cardano-ecosystem', 'web3', 'near-protocol-ecosystem', 'arbitrum-ecosytem', 'cardano', 'injective-ecosystem', 'optimism-ecosystem', 'real-world-assets', 'celsius-bankruptcy-estate']",,608099970.4527867,1000000000.0,False,,15,,,,2024-07-14T08:37:00.000Z,13.127417231084285,253638871.8943202,-8.37,0.32120032,1.00524865,2.56927943,-14.45220215,0.73523625,-9.78277178,7982782030.343757,0.3602,13127417231.08,,2024-07-14T08:37:00.000Z,1027.0,Ethereum,ETH,ethereum,0x514910771af9ca656af840dff83e8264ecf986ca,2024-07-14 11:39:21.780017
0,1,Bitcoin,BTC,bitcoin,11597,2010-07-13T00:00:00.000Z,"['mineable', 'pow', 'sha-256', 'store-of-value', 'state-channel', 'coinbase-ventures-portfolio', 'three-arrows-capital-portfolio', 'polychain-capital-portfolio', 'binance-labs-portfolio', 'blockchain-capital-portfolio', 'boostvc-portfolio', 'cms-holdings-portfolio', 'dcg-portfolio', 'dragonfly-capital-portfolio', 'electric-capital-portfolio', 'fabric-ventures-portfolio', 'framework-ventures-portfolio', 'galaxy-digital-portfolio', 'huobi-capital-portfolio', 'alameda-research-portfolio', 'a16z-portfolio', '1confirmation-portfolio', 'winklevoss-capital-portfolio', 'usv-portfolio', 'placeholder-ventures-portfolio', 'pantera-capital-portfolio', 'multicoin-capital-portfolio', 'paradigm-portfolio', 'bitcoin-ecosystem', 'ftx-bankruptcy-estate']",21000000.0,19720284.0,19720284.0,False,,1,,,,2024-07-14T08:39:00.000Z,60301.1752392742,21769787273.46639,0.5119,0.51173771,3.75556267,4.93727043,-10.12426207,-2.911754,-9.08573798,1189156301252.2551,53.6789,1266324680024.76,,2024-07-14T08:39:00.000Z,,,,,,2024-07-14 11:40:22.987687
1,1027,Ethereum,ETH,ethereum,9132,2015-08-07T00:00:00.000Z,"['pos', 'smart-contracts', 'ethereum-ecosystem', 'coinbase-ventures-portfolio', 'three-arrows-capital-portfolio', 'polychain-capital-portfolio', 'binance-labs-portfolio', 'blockchain-capital-portfolio', 'boostvc-portfolio', 'cms-holdings-portfolio', 'dcg-portfolio', 'dragonfly-capital-portfolio', 'electric-capital-portfolio', 'fabric-ventures-portfolio', 'framework-ventures-portfolio', 'hashkey-capital-portfolio', 'kenetic-capital-portfolio', 'huobi-capital-portfolio', 'alameda-research-portfolio', 'a16z-portfolio', '1confirmation-portfolio', 'winklevoss-capital-portfolio', 'usv-portfolio', 'placeholder-ventures-portfolio', 'pantera-capital-portfolio', 'multicoin-capital-portfolio', 'paradigm-portfolio', 'injective-ecosystem', 'layer-1', 'ftx-bankruptcy-estate']",,120215726.06015156,120215726.06015156,True,,2,,,,2024-07-14T08:38:00.000Z,3210.2398458036637,9989170206.683874,-9.5413,0.47755719,2.27225446,6.72516946,-8.79259399,10.48861033,-1.66127205,385921313890.5164,17.413,385921313890.52,,2024-07-14T08:38:00.000Z,,,,,,2024-07-14 11:40:22.987687
2,825,Tether USDt,USDT,tether,91518,2015-02-25T00:00:00.000Z,"['stablecoin', 'asset-backed-stablecoin', 'avalanche-ecosystem', 'solana-ecosystem', 'arbitrum-ecosytem', 'moonriver-ecosystem', 'injective-ecosystem', 'bnb-chain', 'usd-stablecoin', 'optimism-ecosystem', 'fiat-stablecoin']",,112466925458.78345,116072162582.33752,True,,3,,,,2024-07-14T08:38:00.000Z,1.0003584730286643,40332741315.95716,-1.1625,-0.01696763,0.00482381,0.03144865,0.09000454,0.03524016,-0.0540769,112507241818.17722,5.0799,116113771322.0,,2024-07-14T08:38:00.000Z,1027.0,Ethereum,ETH,ethereum,0xdac17f958d2ee523a2206206994597c13d831ec7,2024-07-14 11:40:22.987687
3,1839,BNB,BNB,bnb,2192,2017-07-25T00:00:00.000Z,"['marketplace', 'centralized-exchange', 'payments', 'smart-contracts', 'alameda-research-portfolio', 'multicoin-capital-portfolio', 'bnb-chain', 'layer-1', 'sec-security-token', 'alleged-sec-securities', 'celsius-bankruptcy-estate']",,147582292.4714936,147582292.4714936,False,,4,,,,2024-07-14T08:38:00.000Z,539.5100387457078,1527971156.8320615,1.3204,0.23522691,0.53580562,6.03936097,-11.16060424,-4.7752785,-6.76740234,79622128329.47589,3.5926,79622128329.48,,2024-07-14T08:38:00.000Z,,,,,,2024-07-14 11:40:22.987687
4,5426,Solana,SOL,solana,701,2020-04-10T00:00:00.000Z,"['pos', 'platform', 'solana-ecosystem', 'cms-holdings-portfolio', 'kenetic-capital-portfolio', 'alameda-research-portfolio', 'multicoin-capital-portfolio', 'okx-ventures-portfolio', 'layer-1', 'ftx-bankruptcy-estate', 'sec-security-token', 'alleged-sec-securities', 'cmc-crypto-awards-2024']",,464063355.46958154,580143186.3079014,True,,5,,,,2024-07-14T08:38:00.000Z,145.2687687099548,1626343433.5950153,4.1505,0.18785918,4.3466252,4.32526028,-1.98756931,0.94440101,-6.060461,67413912252.47618,3.0417,84276686350.42,,2024-07-14T08:38:00.000Z,,,,,,2024-07-14 11:40:22.987687
5,3408,USDC,USDC,usd-coin,20946,2018-10-08T00:00:00.000Z,"['medium-of-exchange', 'stablecoin', 'asset-backed-stablecoin', 'coinbase-ventures-portfolio', 'hedera-hashgraph-ecosystem', 'fantom-ecosystem', 'arbitrum-ecosytem', 'moonriver-ecosystem', 'bnb-chain', 'usd-stablecoin', 'optimism-ecosystem', 'fiat-stablecoin']",,33949129333.978508,33949129333.978508,False,,6,,,,2024-07-14T08:38:00.000Z,0.999975102428031,3964404918.7014976,-11.4751,-0.01513452,-0.00864402,0.00294795,-0.00340969,-0.02823954,0.00242822,33948284083.08763,1.5318,33948284083.09,,2024-07-14T08:38:00.000Z,1027.0,Ethereum,ETH,ethereum,0xa0b86991c6218b36c1d19d4a2e9eb0ce3606eb48,2024-07-14 11:40:22.987687
6,52,XRP,XRP,xrp,1352,2013-08-04T00:00:00.000Z,"['medium-of-exchange', 'enterprise-solutions', 'arrington-xrp-capital-portfolio', 'galaxy-digital-portfolio', 'a16z-portfolio', 'pantera-capital-portfolio', 'ftx-bankruptcy-estate']",100000000000.0,55805339473.0,99987452475.0,False,,7,,,,2024-07-14T08:39:00.000Z,0.5291732774739915,2627311038.7419076,32.4697,0.50503796,3.04479526,21.04924501,10.43680105,5.91842073,2.25344139,29530694389.476116,1.3334,52917327747.4,,2024-07-14T08:39:00.000Z,,,,,,2024-07-14 11:40:22.987687
7,11419,Toncoin,TON,toncoin,458,2021-08-26T13:40:22.000Z,"['pos', 'layer-1', 'ftx-bankruptcy-estate', 'dwf-labs-portfolio', 'toncoin-ecosystem']",,2506915125.0328255,5108965054.362898,True,,8,3414166606.0,25105313294.287655,,2024-07-14T08:38:00.000Z,7.353277151199356,176952578.38152078,-0.3927,0.12290392,0.54573835,-2.06778836,-6.62549669,5.3326618,4.30385582,18434041708.899952,0.8318,37567636000.52,,2024-07-14T08:38:00.000Z,,,,,,2024-07-14 11:40:22.987687
8,74,Dogecoin,DOGE,dogecoin,1021,2013-12-15T00:00:00.000Z,"['mineable', 'pow', 'scrypt', 'medium-of-exchange', 'memes', 'payments', 'doggone-doggerel', 'bnb-chain', 'ftx-bankruptcy-estate']",,145109636383.70523,145109636383.70523,True,,9,,,,2024-07-14T08:39:00.000Z,0.11390759060670437,599952478.0725191,42.0428,0.07273495,4.23866062,3.49523257,-20.33489709,-23.630628,-31.20612595,16529089054.28283,0.7458,16529089054.28,,2024-07-14T08:39:00.000Z,,,,,,2024-07-14 11:40:22.987687
9,2010,Cardano,ADA,cardano,1212,2017-10-01T00:00:00.000Z,"['dpos', 'pos', 'platform', 'research', 'smart-contracts', 'staking', 'cardano-ecosystem', 'cardano', 'layer-1', 'sec-security-token', 'alleged-sec-securities']",45000000000.0,35881022584.206,37048613783.371,False,,10,,,,2024-07-14T08:38:00.000Z,0.43114805022881003,389112393.9120076,15.6886,0.05844479,1.66799346,18.04608468,1.99730813,-0.11910418,-12.80247422,15470032927.396317,0.698,19401662260.3,,2024-07-14T08:38:00.000Z,,,,,,2024-07-14 11:40:22.987687
10,1958,TRON,TRX,tron,999,2017-09-13T00:00:00.000Z,"['media', 'payments', 'tron-ecosystem', 'layer-1', 'dwf-labs-portfolio', 'sec-security-token', 'alleged-sec-securities']",,87127065199.57858,87127079675.02417,True,,11,71659659264.0,9911745061.228386,,2024-07-14T08:38:00.000Z,0.13831694377324225,341226258.4232404,-4.7948,0.21782051,-1.01865448,6.30348758,19.23605096,10.20910495,19.97505117,12051149378.337723,0.5438,12051151380.54,,2024-07-14T08:38:00.000Z,,,,,,2024-07-14 11:40:22.987687
11,5994,Shiba Inu,SHIB,shiba-inu,844,2020-08-01T00:00:00.000Z,"['memes', 'ethereum-ecosystem', 'doggone-doggerel']",,589270745427560.2,589519214031625.9,False,,12,,,,2024-07-14T08:38:00.000Z,1.753632029398966e-05,264131063.1542763,23.3697,0.29687621,3.73785394,7.15837077,-19.23775959,-26.77785855,-26.05667662,10333640531.69574,0.4663,10337997756.72,,2024-07-14T08:38:00.000Z,1027.0,Ethereum,ETH,ethereum,0x95ad61b0a150d79219dcf64e1e6cc01f0b64c4ce,2024-07-14 11:40:22.987687
12,5805,Avalanche,AVAX,avalanche,751,2020-07-13T00:00:00.000Z,"['defi', 'smart-contracts', 'three-arrows-capital-portfolio', 'polychain-capital-portfolio', 'avalanche-ecosystem', 'cms-holdings-portfolio', 'dragonfly-capital-portfolio', 'moonriver-ecosystem', 'injective-ecosystem', 'real-world-assets', 'layer-1']",715748719.0,394486959.0951942,443833329.0951942,False,,13,,,,2024-07-14T08:38:00.000Z,26.126121198916117,286042752.6220994,21.2666,0.36736005,0.47655152,-1.03297388,-18.1273178,-19.62032512,-31.22503082,10306414104.71291,0.465,18699737780.56,,2024-07-14T08:38:00.000Z,,,,,,2024-07-14 11:40:22.987687
13,6636,Polkadot,DOT,polkadot-new,792,2020-08-19T00:00:00.000Z,"['substrate', 'polkadot', 'binance-chain', 'polkadot-ecosystem', 'three-arrows-capital-portfolio', 'polychain-capital-portfolio', 'arrington-xrp-capital-portfolio', 'blockchain-capital-portfolio', 'boostvc-portfolio', 'cms-holdings-portfolio', 'coinfund-portfolio', 'fabric-ventures-portfolio', 'fenbushi-capital-portfolio', 'hashkey-capital-portfolio', 'kenetic-capital-portfolio', '1confirmation-portfolio', 'placeholder-ventures-portfolio', 'pantera-capital-portfolio', 'exnetwork-capital-portfolio', 'web3', 'spartan-group', 'injective-ecosystem', 'bnb-chain', 'layer-1']",,1437953431.368154,1437953431.368154,True,,14,1468484661.922414,9165139740.912098,,2024-07-14T08:38:00.000Z,6.241222655273692,122617091.11539464,-12.2113,0.23891472,-0.02908929,0.7963502,-2.84655031,-4.92238882,-12.96088179,8974587533.083467,0.4049,8974587533.08,,2024-07-14T08:38:00.000Z,,,,,,2024-07-14 11:40:22.987687
14,1975,Chainlink,LINK,chainlink,1814,2017-09-20T00:00:00.000Z,"['platform', 'defi', 'oracles', 'smart-contracts', 'substrate', 'polkadot', 'avalanche-ecosystem', 'solana-ecosystem', 'framework-ventures-portfolio', 'polygon-ecosystem', 'fantom-ecosystem', 'cardano-ecosystem', 'web3', 'near-protocol-ecosystem', 'arbitrum-ecosytem', 'cardano', 'injective-ecosystem', 'optimism-ecosystem', 'real-world-assets', 'celsius-bankruptcy-estate']",,608099970.4527867,1000000000.0,False,,15,,,,2024-07-14T08:38:00.000Z,13.131164640379277,253614753.50460377,-8.3183,0.35391096,1.03780613,2.6061057,-14.42230764,0.76912362,-9.76664862,7985060829.825315,0.3603,13131164640.38,,2024-07-14T08:38:00.000Z,1027.0,Ethereum,ETH,ethereum,0x514910771af9ca656af840dff83e8264ecf986ca,2024-07-14 11:40:22.987687
0,1,Bitcoin,BTC,bitcoin,11597,2010-07-13T00:00:00.000Z,"['mineable', 'pow', 'sha-256', 'store-of-value', 'state-channel', 'coinbase-ventures-portfolio', 'three-arrows-capital-portfolio', 'polychain-capital-portfolio', 'binance-labs-portfolio', 'blockchain-capital-portfolio', 'boostvc-portfolio', 'cms-holdings-portfolio', 'dcg-portfolio', 'dragonfly-capital-portfolio', 'electric-capital-portfolio', 'fabric-ventures-portfolio', 'framework-ventures-portfolio', 'galaxy-digital-portfolio', 'huobi-capital-portfolio', 'alameda-research-portfolio', 'a16z-portfolio', '1confirmation-portfolio', 'winklevoss-capital-portfolio', 'usv-portfolio', 'placeholder-ventures-portfolio', 'pantera-capital-portfolio', 'multicoin-capital-portfolio', 'paradigm-portfolio', 'bitcoin-ecosystem', 'ftx-bankruptcy-estate']",21000000.0,19720284.0,19720284.0,False,,1,,,,2024-07-14T08:39:00.000Z,60301.1752392742,21769787273.46639,0.5119,0.51173771,3.75556267,4.93727043,-10.12426207,-2.911754,-9.08573798,1189156301252.2551,53.6789,1266324680024.76,,2024-07-14T08:39:00.000Z,,,,,,2024-07-14 11:40:22.987687
1,1027,Ethereum,ETH,ethereum,9132,2015-08-07T00:00:00.000Z,"['pos', 'smart-contracts', 'ethereum-ecosystem', 'coinbase-ventures-portfolio', 'three-arrows-capital-portfolio', 'polychain-capital-portfolio', 'binance-labs-portfolio', 'blockchain-capital-portfolio', 'boostvc-portfolio', 'cms-holdings-portfolio', 'dcg-portfolio', 'dragonfly-capital-portfolio', 'electric-capital-portfolio', 'fabric-ventures-portfolio', 'framework-ventures-portfolio', 'hashkey-capital-portfolio', 'kenetic-capital-portfolio', 'huobi-capital-portfolio', 'alameda-research-portfolio', 'a16z-portfolio', '1confirmation-portfolio', 'winklevoss-capital-portfolio', 'usv-portfolio', 'placeholder-ventures-portfolio', 'pantera-capital-portfolio', 'multicoin-capital-portfolio', 'paradigm-portfolio', 'injective-ecosystem', 'layer-1', 'ftx-bankruptcy-estate']",,120215726.06015156,120215726.06015156,True,,2,,,,2024-07-14T08:38:00.000Z,3210.2398458036637,9989170206.683874,-9.5413,0.47755719,2.27225446,6.72516946,-8.79259399,10.48861033,-1.66127205,385921313890.5164,17.413,385921313890.52,,2024-07-14T08:38:00.000Z,,,,,,2024-07-14 11:40:22.987687
2,825,Tether USDt,USDT,tether,91518,2015-02-25T00:00:00.000Z,"['stablecoin', 'asset-backed-stablecoin', 'avalanche-ecosystem', 'solana-ecosystem', 'arbitrum-ecosytem', 'moonriver-ecosystem', 'injective-ecosystem', 'bnb-chain', 'usd-stablecoin', 'optimism-ecosystem', 'fiat-stablecoin']",,112466925458.78345,116072162582.33752,True,,3,,,,2024-07-14T08:38:00.000Z,1.0003584730286643,40332741315.95716,-1.1625,-0.01696763,0.00482381,0.03144865,0.09000454,0.03524016,-0.0540769,112507241818.17722,5.0799,116113771322.0,,2024-07-14T08:38:00.000Z,1027.0,Ethereum,ETH,ethereum,0xdac17f958d2ee523a2206206994597c13d831ec7,2024-07-14 11:40:22.987687
3,1839,BNB,BNB,bnb,2192,2017-07-25T00:00:00.000Z,"['marketplace', 'centralized-exchange', 'payments', 'smart-contracts', 'alameda-research-portfolio', 'multicoin-capital-portfolio', 'bnb-chain', 'layer-1', 'sec-security-token', 'alleged-sec-securities', 'celsius-bankruptcy-estate']",,147582292.4714936,147582292.4714936,False,,4,,,,2024-07-14T08:38:00.000Z,539.5100387457078,1527971156.8320615,1.3204,0.23522691,0.53580562,6.03936097,-11.16060424,-4.7752785,-6.76740234,79622128329.47589,3.5926,79622128329.48,,2024-07-14T08:38:00.000Z,,,,,,2024-07-14 11:40:22.987687
4,5426,Solana,SOL,solana,701,2020-04-10T00:00:00.000Z,"['pos', 'platform', 'solana-ecosystem', 'cms-holdings-portfolio', 'kenetic-capital-portfolio', 'alameda-research-portfolio', 'multicoin-capital-portfolio', 'okx-ventures-portfolio', 'layer-1', 'ftx-bankruptcy-estate', 'sec-security-token', 'alleged-sec-securities', 'cmc-crypto-awards-2024']",,464063355.46958154,580143186.3079014,True,,5,,,,2024-07-14T08:38:00.000Z,145.2687687099548,1626343433.5950153,4.1505,0.18785918,4.3466252,4.32526028,-1.98756931,0.94440101,-6.060461,67413912252.47618,3.0417,84276686350.42,,2024-07-14T08:38:00.000Z,,,,,,2024-07-14 11:40:22.987687
5,3408,USDC,USDC,usd-coin,20946,2018-10-08T00:00:00.000Z,"['medium-of-exchange', 'stablecoin', 'asset-backed-stablecoin', 'coinbase-ventures-portfolio', 'hedera-hashgraph-ecosystem', 'fantom-ecosystem', 'arbitrum-ecosytem', 'moonriver-ecosystem', 'bnb-chain', 'usd-stablecoin', 'optimism-ecosystem', 'fiat-stablecoin']",,33949129333.978508,33949129333.978508,False,,6,,,,2024-07-14T08:38:00.000Z,0.999975102428031,3964404918.7014976,-11.4751,-0.01513452,-0.00864402,0.00294795,-0.00340969,-0.02823954,0.00242822,33948284083.08763,1.5318,33948284083.09,,2024-07-14T08:38:00.000Z,1027.0,Ethereum,ETH,ethereum,0xa0b86991c6218b36c1d19d4a2e9eb0ce3606eb48,2024-07-14 11:40:22.987687
6,52,XRP,XRP,xrp,1352,2013-08-04T00:00:00.000Z,"['medium-of-exchange', 'enterprise-solutions', 'arrington-xrp-capital-portfolio', 'galaxy-digital-portfolio', 'a16z-portfolio', 'pantera-capital-portfolio', 'ftx-bankruptcy-estate']",100000000000.0,55805339473.0,99987452475.0,False,,7,,,,2024-07-14T08:39:00.000Z,0.5291732774739915,2627311038.7419076,32.4697,0.50503796,3.04479526,21.04924501,10.43680105,5.91842073,2.25344139,29530694389.476116,1.3334,52917327747.4,,2024-07-14T08:39:00.000Z,,,,,,2024-07-14 11:40:22.987687
7,11419,Toncoin,TON,toncoin,458,2021-08-26T13:40:22.000Z,"['pos', 'layer-1', 'ftx-bankruptcy-estate', 'dwf-labs-portfolio', 'toncoin-ecosystem']",,2506915125.0328255,5108965054.362898,True,,8,3414166606.0,25105313294.287655,,2024-07-14T08:38:00.000Z,7.353277151199356,176952578.38152078,-0.3927,0.12290392,0.54573835,-2.06778836,-6.62549669,5.3326618,4.30385582,18434041708.899952,0.8318,37567636000.52,,2024-07-14T08:38:00.000Z,,,,,,2024-07-14 11:40:22.987687
8,74,Dogecoin,DOGE,dogecoin,1021,2013-12-15T00:00:00.000Z,"['mineable', 'pow', 'scrypt', 'medium-of-exchange', 'memes', 'payments', 'doggone-doggerel', 'bnb-chain', 'ftx-bankruptcy-estate']",,145109636383.70523,145109636383.70523,True,,9,,,,2024-07-14T08:39:00.000Z,0.11390759060670437,599952478.0725191,42.0428,0.07273495,4.23866062,3.49523257,-20.33489709,-23.630628,-31.20612595,16529089054.28283,0.7458,16529089054.28,,2024-07-14T08:39:00.000Z,,,,,,2024-07-14 11:40:22.987687
9,2010,Cardano,ADA,cardano,1212,2017-10-01T00:00:00.000Z,"['dpos', 'pos', 'platform', 'research', 'smart-contracts', 'staking', 'cardano-ecosystem', 'cardano', 'layer-1', 'sec-security-token', 'alleged-sec-securities']",45000000000.0,35881022584.206,37048613783.371,False,,10,,,,2024-07-14T08:38:00.000Z,0.43114805022881003,389112393.9120076,15.6886,0.05844479,1.66799346,18.04608468,1.99730813,-0.11910418,-12.80247422,15470032927.396317,0.698,19401662260.3,,2024-07-14T08:38:00.000Z,,,,,,2024-07-14 11:40:22.987687
10,1958,TRON,TRX,tron,999,2017-09-13T00:00:00.000Z,"['media', 'payments', 'tron-ecosystem', 'layer-1', 'dwf-labs-portfolio', 'sec-security-token', 'alleged-sec-securities']",,87127065199.57858,87127079675.02417,True,,11,71659659264.0,9911745061.228386,,2024-07-14T08:38:00.000Z,0.13831694377324225,341226258.4232404,-4.7948,0.21782051,-1.01865448,6.30348758,19.23605096,10.20910495,19.97505117,12051149378.337723,0.5438,12051151380.54,,2024-07-14T08:38:00.000Z,,,,,,2024-07-14 11:40:22.987687
11,5994,Shiba Inu,SHIB,shiba-inu,844,2020-08-01T00:00:00.000Z,"['memes', 'ethereum-ecosystem', 'doggone-doggerel']",,589270745427560.2,589519214031625.9,False,,12,,,,2024-07-14T08:38:00.000Z,1.753632029398966e-05,264131063.1542763,23.3697,0.29687621,3.73785394,7.15837077,-19.23775959,-26.77785855,-26.05667662,10333640531.69574,0.4663,10337997756.72,,2024-07-14T08:38:00.000Z,1027.0,Ethereum,ETH,ethereum,0x95ad61b0a150d79219dcf64e1e6cc01f0b64c4ce,2024-07-14 11:40:22.987687
12,5805,Avalanche,AVAX,avalanche,751,2020-07-13T00:00:00.000Z,"['defi', 'smart-contracts', 'three-arrows-capital-portfolio', 'polychain-capital-portfolio', 'avalanche-ecosystem', 'cms-holdings-portfolio', 'dragonfly-capital-portfolio', 'moonriver-ecosystem', 'injective-ecosystem', 'real-world-assets', 'layer-1']",715748719.0,394486959.0951942,443833329.0951942,False,,13,,,,2024-07-14T08:38:00.000Z,26.126121198916117,286042752.6220994,21.2666,0.36736005,0.47655152,-1.03297388,-18.1273178,-19.62032512,-31.22503082,10306414104.71291,0.465,18699737780.56,,2024-07-14T08:38:00.000Z,,,,,,2024-07-14 11:40:22.987687
13,6636,Polkadot,DOT,polkadot-new,792,2020-08-19T00:00:00.000Z,"['substrate', 'polkadot', 'binance-chain', 'polkadot-ecosystem', 'three-arrows-capital-portfolio', 'polychain-capital-portfolio', 'arrington-xrp-capital-portfolio', 'blockchain-capital-portfolio', 'boostvc-portfolio', 'cms-holdings-portfolio', 'coinfund-portfolio', 'fabric-ventures-portfolio', 'fenbushi-capital-portfolio', 'hashkey-capital-portfolio', 'kenetic-capital-portfolio', '1confirmation-portfolio', 'placeholder-ventures-portfolio', 'pantera-capital-portfolio', 'exnetwork-capital-portfolio', 'web3', 'spartan-group', 'injective-ecosystem', 'bnb-chain', 'layer-1']",,1437953431.368154,1437953431.368154,True,,14,1468484661.922414,9165139740.912098,,2024-07-14T08:38:00.000Z,6.241222655273692,122617091.11539464,-12.2113,0.23891472,-0.02908929,0.7963502,-2.84655031,-4.92238882,-12.96088179,8974587533.083467,0.4049,8974587533.08,,2024-07-14T08:38:00.000Z,,,,,,2024-07-14 11:40:22.987687
14,1975,Chainlink,LINK,chainlink,1814,2017-09-20T00:00:00.000Z,"['platform', 'defi', 'oracles', 'smart-contracts', 'substrate', 'polkadot', 'avalanche-ecosystem', 'solana-ecosystem', 'framework-ventures-portfolio', 'polygon-ecosystem', 'fantom-ecosystem', 'cardano-ecosystem', 'web3', 'near-protocol-ecosystem', 'arbitrum-ecosytem', 'cardano', 'injective-ecosystem', 'optimism-ecosystem', 'real-world-assets', 'celsius-bankruptcy-estate']",,608099970.4527867,1000000000.0,False,,15,,,,2024-07-14T08:38:00.000Z,13.131164640379277,253614753.50460377,-8.3183,0.35391096,1.03780613,2.6061057,-14.42230764,0.76912362,-9.76664862,7985060829.825315,0.3603,13131164640.38,,2024-07-14T08:38:00.000Z,1027.0,Ethereum,ETH,ethereum,0x514910771af9ca656af840dff83e8264ecf986ca,2024-07-14 11:40:22.987687
0,1,Bitcoin,BTC,bitcoin,11597,2010-07-13T00:00:00.000Z,"['mineable', 'pow', 'sha-256', 'store-of-value', 'state-channel', 'coinbase-ventures-portfolio', 'three-arrows-capital-portfolio', 'polychain-capital-portfolio', 'binance-labs-portfolio', 'blockchain-capital-portfolio', 'boostvc-portfolio', 'cms-holdings-portfolio', 'dcg-portfolio', 'dragonfly-capital-portfolio', 'electric-capital-portfolio', 'fabric-ventures-portfolio', 'framework-ventures-portfolio', 'galaxy-digital-portfolio', 'huobi-capital-portfolio', 'alameda-research-portfolio', 'a16z-portfolio', '1confirmation-portfolio', 'winklevoss-capital-portfolio', 'usv-portfolio', 'placeholder-ventures-portfolio', 'pantera-capital-portfolio', 'multicoin-capital-portfolio', 'paradigm-portfolio', 'bitcoin-ecosystem', 'ftx-bankruptcy-estate']",21000000.0,19720284.0,19720284.0,False,,1,,,,2024-07-14T08:40:00.000Z,60272.291587553096,21773409005.76329,0.5379,0.45218771,3.71884828,4.89339415,-10.1509863,-2.95965751,-9.16240386,1188586707437.358,53.6531,1265718123338.62,,2024-07-14T08:40:00.000Z,,,,,,2024-07-14 11:41:24.509656
1,1027,Ethereum,ETH,ethereum,9132,2015-08-07T00:00:00.000Z,"['pos', 'smart-contracts', 'ethereum-ecosystem', 'coinbase-ventures-portfolio', 'three-arrows-capital-portfolio', 'polychain-capital-portfolio', 'binance-labs-portfolio', 'blockchain-capital-portfolio', 'boostvc-portfolio', 'cms-holdings-portfolio', 'dcg-portfolio', 'dragonfly-capital-portfolio', 'electric-capital-portfolio', 'fabric-ventures-portfolio', 'framework-ventures-portfolio', 'hashkey-capital-portfolio', 'kenetic-capital-portfolio', 'huobi-capital-portfolio', 'alameda-research-portfolio', 'a16z-portfolio', '1confirmation-portfolio', 'winklevoss-capital-portfolio', 'usv-portfolio', 'placeholder-ventures-portfolio', 'pantera-capital-portfolio', 'multicoin-capital-portfolio', 'paradigm-portfolio', 'injective-ecosystem', 'layer-1', 'ftx-bankruptcy-estate']",,120215726.06015156,120215726.06015156,True,,2,,,,2024-07-14T08:39:00.000Z,3211.658030866924,9991284648.391495,-9.507,0.52452517,2.31858935,6.76839267,-8.75230137,10.57003009,-1.54224708,386091802037.5839,17.4207,386091802037.58,,2024-07-14T08:39:00.000Z,,,,,,2024-07-14 11:41:24.509656
2,825,Tether USDt,USDT,tether,91518,2015-02-25T00:00:00.000Z,"['stablecoin', 'asset-backed-stablecoin', 'avalanche-ecosystem', 'solana-ecosystem', 'arbitrum-ecosytem', 'moonriver-ecosystem', 'injective-ecosystem', 'bnb-chain', 'usd-stablecoin', 'optimism-ecosystem', 'fiat-stablecoin']",,112466925458.78345,116072162582.33752,True,,3,,,,2024-07-14T08:39:00.000Z,1.000411770790535,40340471010.58024,-1.1292,0.00061482,0.00507206,0.03040438,0.0953372,0.02239622,-0.06551805,112513236053.58864,5.0802,116119957708.48,,2024-07-14T08:39:00.000Z,1027.0,Ethereum,ETH,ethereum,0xdac17f958d2ee523a2206206994597c13d831ec7,2024-07-14 11:41:24.509656
3,1839,BNB,BNB,bnb,2192,2017-07-25T00:00:00.000Z,"['marketplace', 'centralized-exchange', 'payments', 'smart-contracts', 'alameda-research-portfolio', 'multicoin-capital-portfolio', 'bnb-chain', 'layer-1', 'sec-security-token', 'alleged-sec-securities', 'celsius-bankruptcy-estate']",,147582292.4714936,147582292.4714936,False,,4,,,,2024-07-14T08:39:00.000Z,539.4404230994404,1527435051.442076,1.3272,0.21588926,0.52600039,5.9980719,-11.17206762,-4.77494893,-6.76853712,79611854292.80786,3.5921,79611854292.81,,2024-07-14T08:39:00.000Z,,,,,,2024-07-14 11:41:24.509656
4,5426,Solana,SOL,solana,701,2020-04-10T00:00:00.000Z,"['pos', 'platform', 'solana-ecosystem', 'cms-holdings-portfolio', 'kenetic-capital-portfolio', 'alameda-research-portfolio', 'multicoin-capital-portfolio', 'okx-ventures-portfolio', 'layer-1', 'ftx-bankruptcy-estate', 'sec-security-token', 'alleged-sec-securities', 'cmc-crypto-awards-2024']",,464063355.46958154,580143186.3079014,True,,5,,,,2024-07-14T08:39:00.000Z,145.24698513990617,1626360454.9898164,4.1578,0.17071411,4.3335476,4.30507291,-2.00226662,0.95358938,-6.04263573,67403803295.8653,3.0413,84264048760.68,,2024-07-14T08:39:00.000Z,,,,,,2024-07-14 11:41:24.509656
5,3408,USDC,USDC,usd-coin,20946,2018-10-08T00:00:00.000Z,"['medium-of-exchange', 'stablecoin', 'asset-backed-stablecoin', 'coinbase-ventures-portfolio', 'hedera-hashgraph-ecosystem', 'fantom-ecosystem', 'arbitrum-ecosytem', 'moonriver-ecosystem', 'bnb-chain', 'usd-stablecoin', 'optimism-ecosystem', 'fiat-stablecoin']",,33949129333.978508,33949129333.978508,False,,6,,,,2024-07-14T08:39:00.000Z,1.000023629887745,3965525813.2420545,-11.4433,-0.00347318,-0.00716464,-0.00325247,0.00144301,-0.02669559,-0.01268305,33949931548.093708,1.5318,33949931548.09,,2024-07-14T08:39:00.000Z,1027.0,Ethereum,ETH,ethereum,0xa0b86991c6218b36c1d19d4a2e9eb0ce3606eb48,2024-07-14 11:41:24.509656
6,52,XRP,XRP,xrp,1352,2013-08-04T00:00:00.000Z,"['medium-of-exchange', 'enterprise-solutions', 'arrington-xrp-capital-portfolio', 'galaxy-digital-portfolio', 'a16z-portfolio', 'pantera-capital-portfolio', 'ftx-bankruptcy-estate']",100000000000.0,55805339473.0,99987452475.0,False,,7,,,,2024-07-14T08:40:00.000Z,0.5301572227230554,2627427956.6015525,32.4664,0.67245588,3.14804237,21.30728561,10.66075054,6.1272737,2.41299957,29585603788.12298,1.3358,53015722272.31,,2024-07-14T08:40:00.000Z,,,,,,2024-07-14 11:41:24.509656
7,11419,Toncoin,TON,toncoin,458,2021-08-26T13:40:22.000Z,"['pos', 'layer-1', 'ftx-bankruptcy-estate', 'dwf-labs-portfolio', 'toncoin-ecosystem']",,2506915125.0328255,5108965054.362898,True,,8,3414166606.0,25104567632.814575,,2024-07-14T08:39:00.000Z,7.353058749006631,176947300.04441592,-0.3204,0.12109559,0.53886989,-2.06988409,-6.62827004,5.34247918,4.35146835,18433494193.139668,0.8317,37566520191.35,,2024-07-14T08:39:00.000Z,,,,,,2024-07-14 11:41:24.509656
8,74,Dogecoin,DOGE,dogecoin,1021,2013-12-15T00:00:00.000Z,"['mineable', 'pow', 'scrypt', 'medium-of-exchange', 'memes', 'payments', 'doggone-doggerel', 'bnb-chain', 'ftx-bankruptcy-estate']",,145109636383.70523,145109636383.70523,True,,9,,,,2024-07-14T08:40:00.000Z,0.11393853234786253,599937185.0665332,42.0322,0.12280297,4.34960687,3.58656736,-20.42127348,-23.61066977,-31.18064397,16533578999.091368,0.746,16533578999.09,,2024-07-14T08:40:00.000Z,,,,,,2024-07-14 11:41:24.509656
9,2010,Cardano,ADA,cardano,1212,2017-10-01T00:00:00.000Z,"['dpos', 'pos', 'platform', 'research', 'smart-contracts', 'staking', 'cardano-ecosystem', 'cardano', 'layer-1', 'sec-security-token', 'alleged-sec-securities']",45000000000.0,35881022584.206,37048613783.371,False,,10,,,,2024-07-14T08:39:00.000Z,0.43119888958980146,389085429.0141002,15.6927,0.06032854,1.689798,18.04783792,2.00933527,-0.08982533,-12.7792478,15471857095.656216,0.6981,19403950031.54,,2024-07-14T08:39:00.000Z,,,,,,2024-07-14 11:41:24.509656
10,1958,TRON,TRX,tron,999,2017-09-13T00:00:00.000Z,"['media', 'payments', 'tron-ecosystem', 'layer-1', 'dwf-labs-portfolio', 'sec-security-token', 'alleged-sec-securities']",,87127065199.57858,87127079675.02417,True,,11,71659659264.0,9910887599.74164,,2024-07-14T08:39:00.000Z,0.1383049780243739,341204620.159463,-4.7868,0.20871127,-1.02945882,6.29093426,19.22573589,10.20016141,19.97006218,12050106837.755907,0.5437,12050108839.78,,2024-07-14T08:39:00.000Z,,,,,,2024-07-14 11:41:24.509656
11,5994,Shiba Inu,SHIB,shiba-inu,844,2020-08-01T00:00:00.000Z,"['memes', 'ethereum-ecosystem', 'doggone-doggerel']",,589270745427560.2,589519214031625.9,False,,12,,,,2024-07-14T08:39:00.000Z,1.7534023562305012e-05,264068128.71745577,23.3109,0.29628042,3.73072051,7.0916575,-19.24833702,-26.77454095,-26.05323344,10332287134.90388,0.4662,10336643789.26,,2024-07-14T08:39:00.000Z,1027.0,Ethereum,ETH,ethereum,0x95ad61b0a150d79219dcf64e1e6cc01f0b64c4ce,2024-07-14 11:41:24.509656
12,5805,Avalanche,AVAX,avalanche,751,2020-07-13T00:00:00.000Z,"['defi', 'smart-contracts', 'three-arrows-capital-portfolio', 'polychain-capital-portfolio', 'avalanche-ecosystem', 'cms-holdings-portfolio', 'dragonfly-capital-portfolio', 'moonriver-ecosystem', 'injective-ecosystem', 'real-world-assets', 'layer-1']",715748719.0,394486959.0951942,443833329.0951942,False,,13,,,,2024-07-14T08:39:00.000Z,26.126453546607216,286067845.2226093,21.3123,0.36655783,0.47724306,-1.05619485,-18.1262763,-19.61475413,-31.19825574,10306545211.542933,0.465,18699975658.0,,2024-07-14T08:39:00.000Z,,,,,,2024-07-14 11:41:24.509656
13,6636,Polkadot,DOT,polkadot-new,792,2020-08-19T00:00:00.000Z,"['substrate', 'polkadot', 'binance-chain', 'polkadot-ecosystem', 'three-arrows-capital-portfolio', 'polychain-capital-portfolio', 'arrington-xrp-capital-portfolio', 'blockchain-capital-portfolio', 'boostvc-portfolio', 'cms-holdings-portfolio', 'coinfund-portfolio', 'fabric-ventures-portfolio', 'fenbushi-capital-portfolio', 'hashkey-capital-portfolio', 'kenetic-capital-portfolio', '1confirmation-portfolio', 'placeholder-ventures-portfolio', 'pantera-capital-portfolio', 'exnetwork-capital-portfolio', 'web3', 'spartan-group', 'injective-ecosystem', 'bnb-chain', 'layer-1']",,1437953431.368154,1437953431.368154,True,,14,1468484661.922414,9166398691.198687,,2024-07-14T08:39:00.000Z,6.2420799677940275,122625712.37420483,-12.2083,0.21269083,-0.00727781,0.78648734,-2.83320503,-4.90017007,-12.93845916,8975820308.563839,0.405,8975820308.56,,2024-07-14T08:39:00.000Z,,,,,,2024-07-14 11:41:24.509656
14,1975,Chainlink,LINK,chainlink,1814,2017-09-20T00:00:00.000Z,"['platform', 'defi', 'oracles', 'smart-contracts', 'substrate', 'polkadot', 'avalanche-ecosystem', 'solana-ecosystem', 'framework-ventures-portfolio', 'polygon-ecosystem', 'fantom-ecosystem', 'cardano-ecosystem', 'web3', 'near-protocol-ecosystem', 'arbitrum-ecosytem', 'cardano', 'injective-ecosystem', 'optimism-ecosystem', 'real-world-assets', 'celsius-bankruptcy-estate']",,608099970.4527867,1000000000.0,False,,15,,,,2024-07-14T08:39:00.000Z,13.130068525146227,253546708.73474804,-8.3705,0.34223772,1.05749073,2.59627609,-14.42945118,0.76440965,-9.75104654,7984394282.1844845,0.3603,13130068525.15,,2024-07-14T08:39:00.000Z,1027.0,Ethereum,ETH,ethereum,0x514910771af9ca656af840dff83e8264ecf986ca,2024-07-14 11:41:24.509656
0,1,Bitcoin,BTC,bitcoin,11597,2010-07-13T00:00:00.000Z,"['mineable', 'pow', 'sha-256', 'store-of-value', 'state-channel', 'coinbase-ventures-portfolio', 'three-arrows-capital-portfolio', 'polychain-capital-portfolio', 'binance-labs-portfolio', 'blockchain-capital-portfolio', 'boostvc-portfolio', 'cms-holdings-portfolio', 'dcg-portfolio', 'dragonfly-capital-portfolio', 'electric-capital-portfolio', 'fabric-ventures-portfolio', 'framework-ventures-portfolio', 'galaxy-digital-portfolio', 'huobi-capital-portfolio', 'alameda-research-portfolio', 'a16z-portfolio', '1confirmation-portfolio', 'winklevoss-capital-portfolio', 'usv-portfolio', 'placeholder-ventures-portfolio', 'pantera-capital-portfolio', 'multicoin-capital-portfolio', 'paradigm-portfolio', 'bitcoin-ecosystem', 'ftx-bankruptcy-estate']",21000000.0,19720284.0,19720284.0,False,,1,,,,2024-07-14T08:40:00.000Z,60272.291587553096,21773409005.76329,0.5379,0.45218771,3.71884828,4.89339415,-10.1509863,-2.95965751,-9.16240386,1188586707437.358,53.6531,1265718123338.62,,2024-07-14T08:40:00.000Z,,,,,,2024-07-14 11:41:24.509656
1,1027,Ethereum,ETH,ethereum,9132,2015-08-07T00:00:00.000Z,"['pos', 'smart-contracts', 'ethereum-ecosystem', 'coinbase-ventures-portfolio', 'three-arrows-capital-portfolio', 'polychain-capital-portfolio', 'binance-labs-portfolio', 'blockchain-capital-portfolio', 'boostvc-portfolio', 'cms-holdings-portfolio', 'dcg-portfolio', 'dragonfly-capital-portfolio', 'electric-capital-portfolio', 'fabric-ventures-portfolio', 'framework-ventures-portfolio', 'hashkey-capital-portfolio', 'kenetic-capital-portfolio', 'huobi-capital-portfolio', 'alameda-research-portfolio', 'a16z-portfolio', '1confirmation-portfolio', 'winklevoss-capital-portfolio', 'usv-portfolio', 'placeholder-ventures-portfolio', 'pantera-capital-portfolio', 'multicoin-capital-portfolio', 'paradigm-portfolio', 'injective-ecosystem', 'layer-1', 'ftx-bankruptcy-estate']",,120215726.06015156,120215726.06015156,True,,2,,,,2024-07-14T08:39:00.000Z,3211.658030866924,9991284648.391495,-9.507,0.52452517,2.31858935,6.76839267,-8.75230137,10.57003009,-1.54224708,386091802037.5839,17.4207,386091802037.58,,2024-07-14T08:39:00.000Z,,,,,,2024-07-14 11:41:24.509656
2,825,Tether USDt,USDT,tether,91518,2015-02-25T00:00:00.000Z,"['stablecoin', 'asset-backed-stablecoin', 'avalanche-ecosystem', 'solana-ecosystem', 'arbitrum-ecosytem', 'moonriver-ecosystem', 'injective-ecosystem', 'bnb-chain', 'usd-stablecoin', 'optimism-ecosystem', 'fiat-stablecoin']",,112466925458.78345,116072162582.33752,True,,3,,,,2024-07-14T08:39:00.000Z,1.000411770790535,40340471010.58024,-1.1292,0.00061482,0.00507206,0.03040438,0.0953372,0.02239622,-0.06551805,112513236053.58864,5.0802,116119957708.48,,2024-07-14T08:39:00.000Z,1027.0,Ethereum,ETH,ethereum,0xdac17f958d2ee523a2206206994597c13d831ec7,2024-07-14 11:41:24.509656
3,1839,BNB,BNB,bnb,2192,2017-07-25T00:00:00.000Z,"['marketplace', 'centralized-exchange', 'payments', 'smart-contracts', 'alameda-research-portfolio', 'multicoin-capital-portfolio', 'bnb-chain', 'layer-1', 'sec-security-token', 'alleged-sec-securities', 'celsius-bankruptcy-estate']",,147582292.4714936,147582292.4714936,False,,4,,,,2024-07-14T08:39:00.000Z,539.4404230994404,1527435051.442076,1.3272,0.21588926,0.52600039,5.9980719,-11.17206762,-4.77494893,-6.76853712,79611854292.80786,3.5921,79611854292.81,,2024-07-14T08:39:00.000Z,,,,,,2024-07-14 11:41:24.509656
4,5426,Solana,SOL,solana,701,2020-04-10T00:00:00.000Z,"['pos', 'platform', 'solana-ecosystem', 'cms-holdings-portfolio', 'kenetic-capital-portfolio', 'alameda-research-portfolio', 'multicoin-capital-portfolio', 'okx-ventures-portfolio', 'layer-1', 'ftx-bankruptcy-estate', 'sec-security-token', 'alleged-sec-securities', 'cmc-crypto-awards-2024']",,464063355.46958154,580143186.3079014,True,,5,,,,2024-07-14T08:39:00.000Z,145.24698513990617,1626360454.9898164,4.1578,0.17071411,4.3335476,4.30507291,-2.00226662,0.95358938,-6.04263573,67403803295.8653,3.0413,84264048760.68,,2024-07-14T08:39:00.000Z,,,,,,2024-07-14 11:41:24.509656
5,3408,USDC,USDC,usd-coin,20946,2018-10-08T00:00:00.000Z,"['medium-of-exchange', 'stablecoin', 'asset-backed-stablecoin', 'coinbase-ventures-portfolio', 'hedera-hashgraph-ecosystem', 'fantom-ecosystem', 'arbitrum-ecosytem', 'moonriver-ecosystem', 'bnb-chain', 'usd-stablecoin', 'optimism-ecosystem', 'fiat-stablecoin']",,33949129333.978508,33949129333.978508,False,,6,,,,2024-07-14T08:39:00.000Z,1.000023629887745,3965525813.2420545,-11.4433,-0.00347318,-0.00716464,-0.00325247,0.00144301,-0.02669559,-0.01268305,33949931548.093708,1.5318,33949931548.09,,2024-07-14T08:39:00.000Z,1027.0,Ethereum,ETH,ethereum,0xa0b86991c6218b36c1d19d4a2e9eb0ce3606eb48,2024-07-14 11:41:24.509656
6,52,XRP,XRP,xrp,1352,2013-08-04T00:00:00.000Z,"['medium-of-exchange', 'enterprise-solutions', 'arrington-xrp-capital-portfolio', 'galaxy-digital-portfolio', 'a16z-portfolio', 'pantera-capital-portfolio', 'ftx-bankruptcy-estate']",100000000000.0,55805339473.0,99987452475.0,False,,7,,,,2024-07-14T08:40:00.000Z,0.5301572227230554,2627427956.6015525,32.4664,0.67245588,3.14804237,21.30728561,10.66075054,6.1272737,2.41299957,29585603788.12298,1.3358,53015722272.31,,2024-07-14T08:40:00.000Z,,,,,,2024-07-14 11:41:24.509656
7,11419,Toncoin,TON,toncoin,458,2021-08-26T13:40:22.000Z,"['pos', 'layer-1', 'ftx-bankruptcy-estate', 'dwf-labs-portfolio', 'toncoin-ecosystem']",,2506915125.0328255,5108965054.362898,True,,8,3414166606.0,25104567632.814575,,2024-07-14T08:39:00.000Z,7.353058749006631,176947300.04441592,-0.3204,0.12109559,0.53886989,-2.06988409,-6.62827004,5.34247918,4.35146835,18433494193.139668,0.8317,37566520191.35,,2024-07-14T08:39:00.000Z,,,,,,2024-07-14 11:41:24.509656
8,74,Dogecoin,DOGE,dogecoin,1021,2013-12-15T00:00:00.000Z,"['mineable', 'pow', 'scrypt', 'medium-of-exchange', 'memes', 'payments', 'doggone-doggerel', 'bnb-chain', 'ftx-bankruptcy-estate']",,145109636383.70523,145109636383.70523,True,,9,,,,2024-07-14T08:40:00.000Z,0.11393853234786253,599937185.0665332,42.0322,0.12280297,4.34960687,3.58656736,-20.42127348,-23.61066977,-31.18064397,16533578999.091368,0.746,16533578999.09,,2024-07-14T08:40:00.000Z,,,,,,2024-07-14 11:41:24.509656
9,2010,Cardano,ADA,cardano,1212,2017-10-01T00:00:00.000Z,"['dpos', 'pos', 'platform', 'research', 'smart-contracts', 'staking', 'cardano-ecosystem', 'cardano', 'layer-1', 'sec-security-token', 'alleged-sec-securities']",45000000000.0,35881022584.206,37048613783.371,False,,10,,,,2024-07-14T08:39:00.000Z,0.43119888958980146,389085429.0141002,15.6927,0.06032854,1.689798,18.04783792,2.00933527,-0.08982533,-12.7792478,15471857095.656216,0.6981,19403950031.54,,2024-07-14T08:39:00.000Z,,,,,,2024-07-14 11:41:24.509656
10,1958,TRON,TRX,tron,999,2017-09-13T00:00:00.000Z,"['media', 'payments', 'tron-ecosystem', 'layer-1', 'dwf-labs-portfolio', 'sec-security-token', 'alleged-sec-securities']",,87127065199.57858,87127079675.02417,True,,11,71659659264.0,9910887599.74164,,2024-07-14T08:39:00.000Z,0.1383049780243739,341204620.159463,-4.7868,0.20871127,-1.02945882,6.29093426,19.22573589,10.20016141,19.97006218,12050106837.755907,0.5437,12050108839.78,,2024-07-14T08:39:00.000Z,,,,,,2024-07-14 11:41:24.509656
11,5994,Shiba Inu,SHIB,shiba-inu,844,2020-08-01T00:00:00.000Z,"['memes', 'ethereum-ecosystem', 'doggone-doggerel']",,589270745427560.2,589519214031625.9,False,,12,,,,2024-07-14T08:39:00.000Z,1.7534023562305012e-05,264068128.71745577,23.3109,0.29628042,3.73072051,7.0916575,-19.24833702,-26.77454095,-26.05323344,10332287134.90388,0.4662,10336643789.26,,2024-07-14T08:39:00.000Z,1027.0,Ethereum,ETH,ethereum,0x95ad61b0a150d79219dcf64e1e6cc01f0b64c4ce,2024-07-14 11:41:24.509656
12,5805,Avalanche,AVAX,avalanche,751,2020-07-13T00:00:00.000Z,"['defi', 'smart-contracts', 'three-arrows-capital-portfolio', 'polychain-capital-portfolio', 'avalanche-ecosystem', 'cms-holdings-portfolio', 'dragonfly-capital-portfolio', 'moonriver-ecosystem', 'injective-ecosystem', 'real-world-assets', 'layer-1']",715748719.0,394486959.0951942,443833329.0951942,False,,13,,,,2024-07-14T08:39:00.000Z,26.126453546607216,286067845.2226093,21.3123,0.36655783,0.47724306,-1.05619485,-18.1262763,-19.61475413,-31.19825574,10306545211.542933,0.465,18699975658.0,,2024-07-14T08:39:00.000Z,,,,,,2024-07-14 11:41:24.509656
13,6636,Polkadot,DOT,polkadot-new,792,2020-08-19T00:00:00.000Z,"['substrate', 'polkadot', 'binance-chain', 'polkadot-ecosystem', 'three-arrows-capital-portfolio', 'polychain-capital-portfolio', 'arrington-xrp-capital-portfolio', 'blockchain-capital-portfolio', 'boostvc-portfolio', 'cms-holdings-portfolio', 'coinfund-portfolio', 'fabric-ventures-portfolio', 'fenbushi-capital-portfolio', 'hashkey-capital-portfolio', 'kenetic-capital-portfolio', '1confirmation-portfolio', 'placeholder-ventures-portfolio', 'pantera-capital-portfolio', 'exnetwork-capital-portfolio', 'web3', 'spartan-group', 'injective-ecosystem', 'bnb-chain', 'layer-1']",,1437953431.368154,1437953431.368154,True,,14,1468484661.922414,9166398691.198687,,2024-07-14T08:39:00.000Z,6.2420799677940275,122625712.37420483,-12.2083,0.21269083,-0.00727781,0.78648734,-2.83320503,-4.90017007,-12.93845916,8975820308.563839,0.405,8975820308.56,,2024-07-14T08:39:00.000Z,,,,,,2024-07-14 11:41:24.509656
14,1975,Chainlink,LINK,chainlink,1814,2017-09-20T00:00:00.000Z,"['platform', 'defi', 'oracles', 'smart-contracts', 'substrate', 'polkadot', 'avalanche-ecosystem', 'solana-ecosystem', 'framework-ventures-portfolio', 'polygon-ecosystem', 'fantom-ecosystem', 'cardano-ecosystem', 'web3', 'near-protocol-ecosystem', 'arbitrum-ecosytem', 'cardano', 'injective-ecosystem', 'optimism-ecosystem', 'real-world-assets', 'celsius-bankruptcy-estate']",,608099970.4527867,1000000000.0,False,,15,,,,2024-07-14T08:39:00.000Z,13.130068525146227,253546708.73474804,-8.3705,0.34223772,1.05749073,2.59627609,-14.42945118,0.76440965,-9.75104654,7984394282.1844845,0.3603,13130068525.15,,2024-07-14T08:39:00.000Z,1027.0,Ethereum,ETH,ethereum,0x514910771af9ca656af840dff83e8264ecf986ca,2024-07-14 11:41:24.509656
0,1,Bitcoin,BTC,bitcoin,11597,2010-07-13T00:00:00.000Z,"['mineable', 'pow', 'sha-256', 'store-of-value', 'state-channel', 'coinbase-ventures-portfolio', 'three-arrows-capital-portfolio', 'polychain-capital-portfolio', 'binance-labs-portfolio', 'blockchain-capital-portfolio', 'boostvc-portfolio', 'cms-holdings-portfolio', 'dcg-portfolio', 'dragonfly-capital-portfolio', 'electric-capital-portfolio', 'fabric-ventures-portfolio', 'framework-ventures-portfolio', 'galaxy-digital-portfolio', 'huobi-capital-portfolio', 'alameda-research-portfolio', 'a16z-portfolio', '1confirmation-portfolio', 'winklevoss-capital-portfolio', 'usv-portfolio', 'placeholder-ventures-portfolio', 'pantera-capital-portfolio', 'multicoin-capital-portfolio', 'paradigm-portfolio', 'bitcoin-ecosystem', 'ftx-bankruptcy-estate']",21000000.0,19720284.0,19720284.0,False,,1,,,,2024-07-14T08:41:00.000Z,60258.50801645256,21803551954.529316,0.7541,0.4173282,3.67135785,4.87932722,-10.22349874,-2.95752101,-9.16204812,1188314891500.7212,53.6409,1265428668345.5,,2024-07-14T08:41:00.000Z,,,,,,2024-07-14 11:42:26.882481
1,1027,Ethereum,ETH,ethereum,9132,2015-08-07T00:00:00.000Z,"['pos', 'smart-contracts', 'ethereum-ecosystem', 'coinbase-ventures-portfolio', 'three-arrows-capital-portfolio', 'polychain-capital-portfolio', 'binance-labs-portfolio', 'blockchain-capital-portfolio', 'boostvc-portfolio', 'cms-holdings-portfolio', 'dcg-portfolio', 'dragonfly-capital-portfolio', 'electric-capital-portfolio', 'fabric-ventures-portfolio', 'framework-ventures-portfolio', 'hashkey-capital-portfolio', 'kenetic-capital-portfolio', 'huobi-capital-portfolio', 'alameda-research-portfolio', 'a16z-portfolio', '1confirmation-portfolio', 'winklevoss-capital-portfolio', 'usv-portfolio', 'placeholder-ventures-portfolio', 'pantera-capital-portfolio', 'multicoin-capital-portfolio', 'paradigm-portfolio', 'injective-ecosystem', 'layer-1', 'ftx-bankruptcy-estate']",,120215726.06015156,120215726.06015156,True,,2,,,,2024-07-14T08:40:00.000Z,3210.1006921796843,9993505173.892374,-9.471,0.47086802,2.2935638,6.74338731,-8.7829715,10.49295272,-1.6044681,385904585436.57587,17.4122,385904585436.58,,2024-07-14T08:40:00.000Z,,,,,,2024-07-14 11:42:26.882481
2,825,Tether USDt,USDT,tether,91518,2015-02-25T00:00:00.000Z,"['stablecoin', 'asset-backed-stablecoin', 'avalanche-ecosystem', 'solana-ecosystem', 'arbitrum-ecosytem', 'moonriver-ecosystem', 'injective-ecosystem', 'bnb-chain', 'usd-stablecoin', 'optimism-ecosystem', 'fiat-stablecoin']",,112466925458.78345,116072162582.33752,True,,3,,,,2024-07-14T08:40:00.000Z,1.0003081514028076,40344025671.16556,-1.1123,-0.00531203,-0.03127429,0.0203019,0.09008094,0.00715562,-0.07563618,112501582299.63303,5.0797,116107930382.06,,2024-07-14T08:40:00.000Z,1027.0,Ethereum,ETH,ethereum,0xdac17f958d2ee523a2206206994597c13d831ec7,2024-07-14 11:42:26.882481
3,1839,BNB,BNB,bnb,2192,2017-07-25T00:00:00.000Z,"['marketplace', 'centralized-exchange', 'payments', 'smart-contracts', 'alameda-research-portfolio', 'multicoin-capital-portfolio', 'bnb-chain', 'layer-1', 'sec-security-token', 'alleged-sec-securities', 'celsius-bankruptcy-estate']",,147582292.4714936,147582292.4714936,False,,4,,,,2024-07-14T08:40:00.000Z,539.629717855348,1527435051.442076,1.3272,0.2468884,0.57767732,6.09983674,-11.21566626,-4.72979455,-6.74404999,79639790846.83754,3.5934,79639790846.84,,2024-07-14T08:40:00.000Z,,,,,,2024-07-14 11:42:26.882481
4,5426,Solana,SOL,solana,701,2020-04-10T00:00:00.000Z,"['pos', 'platform', 'solana-ecosystem', 'cms-holdings-portfolio', 'kenetic-capital-portfolio', 'alameda-research-portfolio', 'multicoin-capital-portfolio', 'okx-ventures-portfolio', 'layer-1', 'ftx-bankruptcy-estate', 'sec-security-token', 'alleged-sec-securities', 'cmc-crypto-awards-2024']",,464063355.46958154,580143186.3079014,True,,5,,,,2024-07-14T08:40:00.000Z,145.32276006906326,1626660920.2878025,4.2025,0.22514824,4.41755282,4.47891194,-2.0155384,1.00797268,-5.96337163,67438967663.75042,3.0429,84308009069.53,,2024-07-14T08:40:00.000Z,,,,,,2024-07-14 11:42:26.882481
5,3408,USDC,USDC,usd-coin,20946,2018-10-08T00:00:00.000Z,"['medium-of-exchange', 'stablecoin', 'asset-backed-stablecoin', 'coinbase-ventures-portfolio', 'hedera-hashgraph-ecosystem', 'fantom-ecosystem', 'arbitrum-ecosytem', 'moonriver-ecosystem', 'bnb-chain', 'usd-stablecoin', 'optimism-ecosystem', 'fiat-stablecoin']",,33949129333.978508,33949129333.978508,False,,6,,,,2024-07-14T08:40:00.000Z,0.999874047417566,3965475403.850749,-11.4441,-0.01256024,-0.03244508,-0.01572487,-0.01120501,-0.06488842,-0.02507287,33944853353.46751,1.5316,33944853353.47,,2024-07-14T08:40:00.000Z,1027.0,Ethereum,ETH,ethereum,0xa0b86991c6218b36c1d19d4a2e9eb0ce3606eb48,2024-07-14 11:42:26.882481
6,52,XRP,XRP,xrp,1352,2013-08-04T00:00:00.000Z,"['medium-of-exchange', 'enterprise-solutions', 'arrington-xrp-capital-portfolio', 'galaxy-digital-portfolio', 'a16z-portfolio', 'pantera-capital-portfolio', 'ftx-bankruptcy-estate']",100000000000.0,55805339473.0,99987452475.0,False,,7,,,,2024-07-14T08:41:00.000Z,0.5306339751008122,2629745523.525955,32.4655,0.76957805,3.20657771,21.41321493,10.75826666,6.22296059,2.5204827,29612209116.408257,1.337,53063397510.08,,2024-07-14T08:41:00.000Z,,,,,,2024-07-14 11:42:26.882481
7,11419,Toncoin,TON,toncoin,458,2021-08-26T13:40:22.000Z,"['pos', 'layer-1', 'ftx-bankruptcy-estate', 'dwf-labs-portfolio', 'toncoin-ecosystem']",,2506915125.0328255,5108965054.362898,True,,8,3414166606.0,25114303755.906013,,2024-07-14T08:40:00.000Z,7.355910432657431,176951454.68796372,-0.3235,0.16013106,0.58041713,-2.01048419,-6.64210989,5.41141646,4.38212736,18440643122.01567,0.8321,37581089343.47,,2024-07-14T08:40:00.000Z,,,,,,2024-07-14 11:42:26.882481
8,74,Dogecoin,DOGE,dogecoin,1021,2013-12-15T00:00:00.000Z,"['mineable', 'pow', 'scrypt', 'medium-of-exchange', 'memes', 'payments', 'doggone-doggerel', 'bnb-chain', 'ftx-bankruptcy-estate']",,145109636383.70523,145109636383.70523,True,,9,,,,2024-07-14T08:41:00.000Z,0.1139272426671847,599983749.1834059,42.0217,0.10532261,4.34146162,3.57335128,-20.43968673,-23.60809808,-31.17559246,16531940757.63332,0.7459,16531940757.63,,2024-07-14T08:41:00.000Z,,,,,,2024-07-14 11:42:26.882481
9,2010,Cardano,ADA,cardano,1212,2017-10-01T00:00:00.000Z,"['dpos', 'pos', 'platform', 'research', 'smart-contracts', 'staking', 'cardano-ecosystem', 'cardano', 'layer-1', 'sec-security-token', 'alleged-sec-securities']",45000000000.0,35881022584.206,37048613783.371,False,,10,,,,2024-07-14T08:40:00.000Z,0.4316285229319543,389085429.0141002,15.6927,0.14634133,1.92443097,18.23883338,2.089815,0.04462451,-12.6539762,15487272779.30893,0.6988,19423283531.94,,2024-07-14T08:40:00.000Z,,,,,,2024-07-14 11:42:26.882481
10,1958,TRON,TRX,tron,999,2017-09-13T00:00:00.000Z,"['media', 'payments', 'tron-ecosystem', 'layer-1', 'dwf-labs-portfolio', 'sec-security-token', 'alleged-sec-securities']",,87127065199.57858,87127079675.02417,True,,11,71659659264.0,9915415401.60894,,2024-07-14T08:40:00.000Z,0.1383681628331464,341203927.1781415,-4.7885,0.28359013,-0.97682776,6.33815474,19.29610344,10.1790793,20.02851273,12055611944.709452,0.544,12055613947.65,,2024-07-14T08:40:00.000Z,,,,,,2024-07-14 11:42:26.882481
11,5994,Shiba Inu,SHIB,shiba-inu,844,2020-08-01T00:00:00.000Z,"['memes', 'ethereum-ecosystem', 'doggone-doggerel']",,589270745427560.2,589519214031625.9,False,,12,,,,2024-07-14T08:40:00.000Z,1.7528609222609892e-05,264068128.71745577,23.3109,0.3000963,3.85144689,7.0755933,-19.32640297,-26.66411544,-26.08832897,10329096622.91574,0.4661,10333451931.98,,2024-07-14T08:40:00.000Z,1027.0,Ethereum,ETH,ethereum,0x95ad61b0a150d79219dcf64e1e6cc01f0b64c4ce,2024-07-14 11:42:26.882481
12,5805,Avalanche,AVAX,avalanche,751,2020-07-13T00:00:00.000Z,"['defi', 'smart-contracts', 'three-arrows-capital-portfolio', 'polychain-capital-portfolio', 'avalanche-ecosystem', 'cms-holdings-portfolio', 'dragonfly-capital-portfolio', 'moonriver-ecosystem', 'injective-ecosystem', 'real-world-assets', 'layer-1']",715748719.0,394486959.0951942,443833329.0951942,False,,13,,,,2024-07-14T08:40:00.000Z,26.148960511952286,286067752.8607998,21.3183,0.46980869,0.64039625,-0.88953038,-18.10974554,-19.54682343,-31.08054663,10315423915.86037,0.4654,18716084989.61,,2024-07-14T08:40:00.000Z,,,,,,2024-07-14 11:42:26.882481
13,6636,Polkadot,DOT,polkadot-new,792,2020-08-19T00:00:00.000Z,"['substrate', 'polkadot', 'binance-chain', 'polkadot-ecosystem', 'three-arrows-capital-portfolio', 'polychain-capital-portfolio', 'arrington-xrp-capital-portfolio', 'blockchain-capital-portfolio', 'boostvc-portfolio', 'cms-holdings-portfolio', 'coinfund-portfolio', 'fabric-ventures-portfolio', 'fenbushi-capital-portfolio', 'hashkey-capital-portfolio', 'kenetic-capital-portfolio', '1confirmation-portfolio', 'placeholder-ventures-portfolio', 'pantera-capital-portfolio', 'exnetwork-capital-portfolio', 'web3', 'spartan-group', 'injective-ecosystem', 'bnb-chain', 'layer-1']",,1437953431.368154,1437953431.368154,True,,14,1468484661.922414,9175082046.877024,,2024-07-14T08:40:00.000Z,6.24799310798779,122631841.64377803,-12.1979,0.25699514,0.2018648,0.89613524,-2.8619944,-4.79402779,-12.8113209,8984323128.79562,0.4054,8984323128.8,,2024-07-14T08:40:00.000Z,,,,,,2024-07-14 11:42:26.882481
14,1975,Chainlink,LINK,chainlink,1814,2017-09-20T00:00:00.000Z,"['platform', 'defi', 'oracles', 'smart-contracts', 'substrate', 'polkadot', 'avalanche-ecosystem', 'solana-ecosystem', 'framework-ventures-portfolio', 'polygon-ecosystem', 'fantom-ecosystem', 'cardano-ecosystem', 'web3', 'near-protocol-ecosystem', 'arbitrum-ecosytem', 'cardano', 'injective-ecosystem', 'optimism-ecosystem', 'real-world-assets', 'celsius-bankruptcy-estate']",,608099970.4527867,1000000000.0,False,,15,,,,2024-07-14T08:40:00.000Z,13.137049418909232,253546708.73474804,-8.3705,0.39066527,1.16831312,2.74586701,-14.37730922,0.81698217,-9.57820549,7988639363.475502,0.3605,13137049418.91,,2024-07-14T08:40:00.000Z,1027.0,Ethereum,ETH,ethereum,0x514910771af9ca656af840dff83e8264ecf986ca,2024-07-14 11:42:26.882481
0,1,Bitcoin,BTC,bitcoin,11597,2010-07-13T00:00:00.000Z,"['mineable', 'pow', 'sha-256', 'store-of-value', 'state-channel', 'coinbase-ventures-portfolio', 'three-arrows-capital-portfolio', 'polychain-capital-portfolio', 'binance-labs-portfolio', 'blockchain-capital-portfolio', 'boostvc-portfolio', 'cms-holdings-portfolio', 'dcg-portfolio', 'dragonfly-capital-portfolio', 'electric-capital-portfolio', 'fabric-ventures-portfolio', 'framework-ventures-portfolio', 'galaxy-digital-portfolio', 'huobi-capital-portfolio', 'alameda-research-portfolio', 'a16z-portfolio', '1confirmation-portfolio', 'winklevoss-capital-portfolio', 'usv-portfolio', 'placeholder-ventures-portfolio', 'pantera-capital-portfolio', 'multicoin-capital-portfolio', 'paradigm-portfolio', 'bitcoin-ecosystem', 'ftx-bankruptcy-estate']",21000000.0,19720284.0,19720284.0,False,,1,,,,2024-07-14T08:41:00.000Z,60258.50801645256,21803551954.529316,0.7541,0.4173282,3.67135785,4.87932722,-10.22349874,-2.95752101,-9.16204812,1188314891500.7212,53.6409,1265428668345.5,,2024-07-14T08:41:00.000Z,,,,,,2024-07-14 11:42:26.882481
1,1027,Ethereum,ETH,ethereum,9132,2015-08-07T00:00:00.000Z,"['pos', 'smart-contracts', 'ethereum-ecosystem', 'coinbase-ventures-portfolio', 'three-arrows-capital-portfolio', 'polychain-capital-portfolio', 'binance-labs-portfolio', 'blockchain-capital-portfolio', 'boostvc-portfolio', 'cms-holdings-portfolio', 'dcg-portfolio', 'dragonfly-capital-portfolio', 'electric-capital-portfolio', 'fabric-ventures-portfolio', 'framework-ventures-portfolio', 'hashkey-capital-portfolio', 'kenetic-capital-portfolio', 'huobi-capital-portfolio', 'alameda-research-portfolio', 'a16z-portfolio', '1confirmation-portfolio', 'winklevoss-capital-portfolio', 'usv-portfolio', 'placeholder-ventures-portfolio', 'pantera-capital-portfolio', 'multicoin-capital-portfolio', 'paradigm-portfolio', 'injective-ecosystem', 'layer-1', 'ftx-bankruptcy-estate']",,120215726.06015156,120215726.06015156,True,,2,,,,2024-07-14T08:40:00.000Z,3210.1006921796843,9993505173.892374,-9.471,0.47086802,2.2935638,6.74338731,-8.7829715,10.49295272,-1.6044681,385904585436.57587,17.4122,385904585436.58,,2024-07-14T08:40:00.000Z,,,,,,2024-07-14 11:42:26.882481
2,825,Tether USDt,USDT,tether,91518,2015-02-25T00:00:00.000Z,"['stablecoin', 'asset-backed-stablecoin', 'avalanche-ecosystem', 'solana-ecosystem', 'arbitrum-ecosytem', 'moonriver-ecosystem', 'injective-ecosystem', 'bnb-chain', 'usd-stablecoin', 'optimism-ecosystem', 'fiat-stablecoin']",,112466925458.78345,116072162582.33752,True,,3,,,,2024-07-14T08:40:00.000Z,1.0003081514028076,40344025671.16556,-1.1123,-0.00531203,-0.03127429,0.0203019,0.09008094,0.00715562,-0.07563618,112501582299.63303,5.0797,116107930382.06,,2024-07-14T08:40:00.000Z,1027.0,Ethereum,ETH,ethereum,0xdac17f958d2ee523a2206206994597c13d831ec7,2024-07-14 11:42:26.882481
3,1839,BNB,BNB,bnb,2192,2017-07-25T00:00:00.000Z,"['marketplace', 'centralized-exchange', 'payments', 'smart-contracts', 'alameda-research-portfolio', 'multicoin-capital-portfolio', 'bnb-chain', 'layer-1', 'sec-security-token', 'alleged-sec-securities', 'celsius-bankruptcy-estate']",,147582292.4714936,147582292.4714936,False,,4,,,,2024-07-14T08:40:00.000Z,539.629717855348,1527435051.442076,1.3272,0.2468884,0.57767732,6.09983674,-11.21566626,-4.72979455,-6.74404999,79639790846.83754,3.5934,79639790846.84,,2024-07-14T08:40:00.000Z,,,,,,2024-07-14 11:42:26.882481
4,5426,Solana,SOL,solana,701,2020-04-10T00:00:00.000Z,"['pos', 'platform', 'solana-ecosystem', 'cms-holdings-portfolio', 'kenetic-capital-portfolio', 'alameda-research-portfolio', 'multicoin-capital-portfolio', 'okx-ventures-portfolio', 'layer-1', 'ftx-bankruptcy-estate', 'sec-security-token', 'alleged-sec-securities', 'cmc-crypto-awards-2024']",,464063355.46958154,580143186.3079014,True,,5,,,,2024-07-14T08:40:00.000Z,145.32276006906326,1626660920.2878025,4.2025,0.22514824,4.41755282,4.47891194,-2.0155384,1.00797268,-5.96337163,67438967663.75042,3.0429,84308009069.53,,2024-07-14T08:40:00.000Z,,,,,,2024-07-14 11:42:26.882481
5,3408,USDC,USDC,usd-coin,20946,2018-10-08T00:00:00.000Z,"['medium-of-exchange', 'stablecoin', 'asset-backed-stablecoin', 'coinbase-ventures-portfolio', 'hedera-hashgraph-ecosystem', 'fantom-ecosystem', 'arbitrum-ecosytem', 'moonriver-ecosystem', 'bnb-chain', 'usd-stablecoin', 'optimism-ecosystem', 'fiat-stablecoin']",,33949129333.978508,33949129333.978508,False,,6,,,,2024-07-14T08:40:00.000Z,0.999874047417566,3965475403.850749,-11.4441,-0.01256024,-0.03244508,-0.01572487,-0.01120501,-0.06488842,-0.02507287,33944853353.46751,1.5316,33944853353.47,,2024-07-14T08:40:00.000Z,1027.0,Ethereum,ETH,ethereum,0xa0b86991c6218b36c1d19d4a2e9eb0ce3606eb48,2024-07-14 11:42:26.882481
6,52,XRP,XRP,xrp,1352,2013-08-04T00:00:00.000Z,"['medium-of-exchange', 'enterprise-solutions', 'arrington-xrp-capital-portfolio', 'galaxy-digital-portfolio', 'a16z-portfolio', 'pantera-capital-portfolio', 'ftx-bankruptcy-estate']",100000000000.0,55805339473.0,99987452475.0,False,,7,,,,2024-07-14T08:41:00.000Z,0.5306339751008122,2629745523.525955,32.4655,0.76957805,3.20657771,21.41321493,10.75826666,6.22296059,2.5204827,29612209116.408257,1.337,53063397510.08,,2024-07-14T08:41:00.000Z,,,,,,2024-07-14 11:42:26.882481
7,11419,Toncoin,TON,toncoin,458,2021-08-26T13:40:22.000Z,"['pos', 'layer-1', 'ftx-bankruptcy-estate', 'dwf-labs-portfolio', 'toncoin-ecosystem']",,2506915125.0328255,5108965054.362898,True,,8,3414166606.0,25114303755.906013,,2024-07-14T08:40:00.000Z,7.355910432657431,176951454.68796372,-0.3235,0.16013106,0.58041713,-2.01048419,-6.64210989,5.41141646,4.38212736,18440643122.01567,0.8321,37581089343.47,,2024-07-14T08:40:00.000Z,,,,,,2024-07-14 11:42:26.882481
8,74,Dogecoin,DOGE,dogecoin,1021,2013-12-15T00:00:00.000Z,"['mineable', 'pow', 'scrypt', 'medium-of-exchange', 'memes', 'payments', 'doggone-doggerel', 'bnb-chain', 'ftx-bankruptcy-estate']",,145109636383.70523,145109636383.70523,True,,9,,,,2024-07-14T08:41:00.000Z,0.1139272426671847,599983749.1834059,42.0217,0.10532261,4.34146162,3.57335128,-20.43968673,-23.60809808,-31.17559246,16531940757.63332,0.7459,16531940757.63,,2024-07-14T08:41:00.000Z,,,,,,2024-07-14 11:42:26.882481
9,2010,Cardano,ADA,cardano,1212,2017-10-01T00:00:00.000Z,"['dpos', 'pos', 'platform', 'research', 'smart-contracts', 'staking', 'cardano-ecosystem', 'cardano', 'layer-1', 'sec-security-token', 'alleged-sec-securities']",45000000000.0,35881022584.206,37048613783.371,False,,10,,,,2024-07-14T08:40:00.000Z,0.4316285229319543,389085429.0141002,15.6927,0.14634133,1.92443097,18.23883338,2.089815,0.04462451,-12.6539762,15487272779.30893,0.6988,19423283531.94,,2024-07-14T08:40:00.000Z,,,,,,2024-07-14 11:42:26.882481
10,1958,TRON,TRX,tron,999,2017-09-13T00:00:00.000Z,"['media', 'payments', 'tron-ecosystem', 'layer-1', 'dwf-labs-portfolio', 'sec-security-token', 'alleged-sec-securities']",,87127065199.57858,87127079675.02417,True,,11,71659659264.0,9915415401.60894,,2024-07-14T08:40:00.000Z,0.1383681628331464,341203927.1781415,-4.7885,0.28359013,-0.97682776,6.33815474,19.29610344,10.1790793,20.02851273,12055611944.709452,0.544,12055613947.65,,2024-07-14T08:40:00.000Z,,,,,,2024-07-14 11:42:26.882481
11,5994,Shiba Inu,SHIB,shiba-inu,844,2020-08-01T00:00:00.000Z,"['memes', 'ethereum-ecosystem', 'doggone-doggerel']",,589270745427560.2,589519214031625.9,False,,12,,,,2024-07-14T08:40:00.000Z,1.7528609222609892e-05,264068128.71745577,23.3109,0.3000963,3.85144689,7.0755933,-19.32640297,-26.66411544,-26.08832897,10329096622.91574,0.4661,10333451931.98,,2024-07-14T08:40:00.000Z,1027.0,Ethereum,ETH,ethereum,0x95ad61b0a150d79219dcf64e1e6cc01f0b64c4ce,2024-07-14 11:42:26.882481
12,5805,Avalanche,AVAX,avalanche,751,2020-07-13T00:00:00.000Z,"['defi', 'smart-contracts', 'three-arrows-capital-portfolio', 'polychain-capital-portfolio', 'avalanche-ecosystem', 'cms-holdings-portfolio', 'dragonfly-capital-portfolio', 'moonriver-ecosystem', 'injective-ecosystem', 'real-world-assets', 'layer-1']",715748719.0,394486959.0951942,443833329.0951942,False,,13,,,,2024-07-14T08:40:00.000Z,26.148960511952286,286067752.8607998,21.3183,0.46980869,0.64039625,-0.88953038,-18.10974554,-19.54682343,-31.08054663,10315423915.86037,0.4654,18716084989.61,,2024-07-14T08:40:00.000Z,,,,,,2024-07-14 11:42:26.882481
13,6636,Polkadot,DOT,polkadot-new,792,2020-08-19T00:00:00.000Z,"['substrate', 'polkadot', 'binance-chain', 'polkadot-ecosystem', 'three-arrows-capital-portfolio', 'polychain-capital-portfolio', 'arrington-xrp-capital-portfolio', 'blockchain-capital-portfolio', 'boostvc-portfolio', 'cms-holdings-portfolio', 'coinfund-portfolio', 'fabric-ventures-portfolio', 'fenbushi-capital-portfolio', 'hashkey-capital-portfolio', 'kenetic-capital-portfolio', '1confirmation-portfolio', 'placeholder-ventures-portfolio', 'pantera-capital-portfolio', 'exnetwork-capital-portfolio', 'web3', 'spartan-group', 'injective-ecosystem', 'bnb-chain', 'layer-1']",,1437953431.368154,1437953431.368154,True,,14,1468484661.922414,9175082046.877024,,2024-07-14T08:40:00.000Z,6.24799310798779,122631841.64377803,-12.1979,0.25699514,0.2018648,0.89613524,-2.8619944,-4.79402779,-12.8113209,8984323128.79562,0.4054,8984323128.8,,2024-07-14T08:40:00.000Z,,,,,,2024-07-14 11:42:26.882481
14,1975,Chainlink,LINK,chainlink,1814,2017-09-20T00:00:00.000Z,"['platform', 'defi', 'oracles', 'smart-contracts', 'substrate', 'polkadot', 'avalanche-ecosystem', 'solana-ecosystem', 'framework-ventures-portfolio', 'polygon-ecosystem', 'fantom-ecosystem', 'cardano-ecosystem', 'web3', 'near-protocol-ecosystem', 'arbitrum-ecosytem', 'cardano', 'injective-ecosystem', 'optimism-ecosystem', 'real-world-assets', 'celsius-bankruptcy-estate']",,608099970.4527867,1000000000.0,False,,15,,,,2024-07-14T08:40:00.000Z,13.137049418909232,253546708.73474804,-8.3705,0.39066527,1.16831312,2.74586701,-14.37730922,0.81698217,-9.57820549,7988639363.475502,0.3605,13137049418.91,,2024-07-14T08:40:00.000Z,1027.0,Ethereum,ETH,ethereum,0x514910771af9ca656af840dff83e8264ecf986ca,2024-07-14 11:42:26.882481
